user_id,image_no,desktop_rating,gender,qualification,mobile_rating,age
u1,1,6,1,1,6,23
u2,1,6,0,2,5,58
u3,1,5,1,0,5,84
u4,1,5,1,0,8,47
u5,1,9,1,1,9,16
u6,1,10,1,1,5,16
u7,1,9,1,1,8,16
u8,1,8,1,1,5,15
u9,1,2,0,1,3,15
u10,1,6,0,1,7,16
u11,1,1,0,1,6,16
u12,1,1,0,1,3,16
u13,1,4,0,1,10,16
u14,1,5,0,1,5,16
u15,1,5,0,1,6,17
u16,1,6,1,1,10,15
u17,1,4,1,1,2,15
u18,1,4,1,1,8,15
u19,1,8,1,1,1,15
u20,1,3,1,1,8,16
u21,1,2,1,1,4,16
u22,1,1,1,1,10,15
u23,1,10,0,1,9,15
u24,1,8,0,1,10,16
u25,1,6,0,1,7,11
u26,1,8,0,1,8,16
u27,1,9,0,1,8,20
u28,1,9,0,1,10,18
u29,1,9,1,1,10,20
u30,1,7,0,1,8,20
u31,1,7,0,1,6,20
u32,1,5,0,1,4,18
u33,1,7,0,1,5,18
u34,1,7,1,1,6,15
u35,1,7,1,1,6,13
u36,1,2,0,1,2,8
u37,1,5,0,1,3,10
u38,1,9,0,1,5,10
u39,1,6,0,1,5,6
u40,1,7,0,1,7,60
u41,1,6,1,2,9,53
u42,1,3,1,2,4,55
u43,1,5,1,0,8,44
u44,1,8,1,0,6,47
u45,1,5,1,2,8,48
u46,1,5,1,2,6,48
u47,1,2,0,2,5,48
u48,1,6,1,0,6,38
u49,1,6,0,2,7,35
u50,1,5,1,0,6,32
u51,1,5,1,1,6,30
u52,1,7,1,1,5,26
u53,1,8,1,0,4,24
u54,1,3,0,1,8,24
u55,1,10,0,1,10,27
u56,1,9,1,1,10,27
u57,1,5,1,1,9,24
u58,1,7,1,1,8,22
u59,1,8,0,2,7,29
u60,1,7,0,1,8,23
u61,1,6,0,1,5,21
u62,1,7,0,1,8,22
u63,1,7,0,1,9,22
u64,1,7,0,1,7,21
u65,1,3,0,1,1,22
u66,1,5,0,1,6,24
u67,1,10,0,1,10,25
u68,1,4,0,1,2,21
u69,1,8,0,1,8,29
u70,1,8,0,1,10,22
u71,1,8,0,1,9,21
u72,1,2,1,1,5,22
u73,1,10,1,1,7,23
u74,1,5,1,1,6,16
u75,1,7,1,1,10,23
u76,1,5,0,1,10,23
u77,1,6,1,1,5,19
u78,1,6,1,1,9,17
u79,1,6,1,1,4,16
u80,1,9,1,1,6,18
u81,1,6,1,1,6,18
u82,1,5,1,1,6,17
u83,1,10,0,1,10,20
u84,1,10,0,1,10,20
u85,1,7,0,1,1,18
u86,1,3,0,1,5,21
u87,1,2,0,1,6,19
u88,1,8,0,1,5,23
u89,1,2,0,1,2,19
u90,1,3,0,1,8,20
u91,1,4,1,1,1,23
u92,1,10,0,1,7,20
u93,1,8,0,1,2,18
u94,1,10,0,1,7,21
u95,1,6,0,1,7,21
u96,1,10,0,1,6,22
u97,1,3,1,1,3,21
u98,1,5,1,1,6,23
u99,1,5,1,1,5,22
u100,1,6,1,1,7,23
u1,2,9,1,1,8,23
u2,2,5,0,2,4,58
u3,2,6,1,0,6,84
u4,2,7,1,0,8,47
u5,2,8,1,1,8,16
u6,2,10,1,1,6,16
u7,2,8,1,1,9,16
u8,2,6,1,1,4,15
u9,2,3,0,1,7,15
u10,2,6,0,1,6,16
u11,2,3,0,1,5,16
u12,2,3,0,1,4,16
u13,2,6,0,1,4,16
u14,2,3,0,1,10,16
u15,2,6,1,1,2,17
u16,2,8,1,1,2,15
u17,2,6,1,1,4,15
u18,2,3,1,1,6,15
u19,2,10,1,1,8,15
u20,2,6,1,1,9,16
u21,2,4,1,1,7,16
u22,2,2,0,1,10,15
u23,2,9,0,1,8,15
u24,2,9,0,1,9,16
u25,2,7,0,1,6,11
u26,2,8,0,1,7,16
u27,2,10,0,1,9,20
u28,2,10,1,1,9,18
u29,2,9,0,1,10,20
u30,2,8,0,1,9,20
u31,2,6,0,1,6,20
u32,2,3,0,1,5,18
u33,2,8,1,1,6,18
u34,2,4,1,1,5,15
u35,2,7,0,1,6,13
u36,2,3,0,1,3,8
u37,2,6,0,1,3,10
u38,2,7,0,1,6,10
u39,2,6,0,1,6,6
u40,2,10,1,2,5,60
u41,2,7,1,2,10,53
u42,2,2,1,0,3,55
u43,2,7,1,0,8,44
u44,2,8,1,2,7,47
u45,2,5,1,2,6,48
u46,2,8,0,2,5,48
u47,2,1,1,0,6,48
u48,2,7,0,2,7,38
u49,2,7,1,0,6,35
u50,2,1,1,1,7,32
u51,2,7,1,1,7,30
u52,2,5,1,0,4,26
u53,2,9,1,1,6,24
u54,2,3,0,1,8,24
u55,2,5,0,1,5,27
u56,2,10,1,1,9,27
u57,2,4,1,1,6,24
u58,2,7,1,1,4,22
u59,2,7,0,2,6,29
u60,2,9,0,1,8,23
u61,2,6,0,1,7,21
u62,2,6,0,1,5,22
u63,2,6,0,1,7,22
u64,2,7,0,1,6,21
u65,2,5,0,1,4,22
u66,2,5,0,1,9,24
u67,2,9,0,1,10,25
u68,2,7,0,1,4,21
u69,2,7,0,1,10,29
u70,2,9,0,1,10,22
u71,2,9,0,1,7,21
u72,2,5,1,1,6,22
u73,2,10,1,1,8,23
u74,2,7,1,1,7,16
u75,2,3,1,1,2,23
u76,2,1,0,1,1,23
u77,2,7,1,1,3,19
u78,2,2,1,1,4,17
u79,2,5,1,1,7,16
u80,2,2,1,1,5,18
u81,2,1,1,1,4,18
u82,2,8,1,1,9,17
u83,2,9,0,1,1,20
u84,2,3,0,1,7,20
u85,2,7,0,1,7,18
u86,2,5,0,1,7,21
u87,2,1,0,1,4,19
u88,2,9,0,1,2,23
u89,2,1,0,1,2,19
u90,2,4,0,1,3,20
u91,2,7,1,1,2,23
u92,2,8,0,1,9,20
u93,2,7,0,1,5,18
u94,2,2,0,1,8,21
u95,2,5,0,1,7,21
u96,2,4,0,1,3,22
u97,2,9,1,1,6,21
u98,2,7,1,1,2,23
u99,2,6,1,1,5,22
u100,2,8,1,1,8,23
u1,3,5,1,1,6,23
u2,3,5,0,2,6,58
u3,3,7,1,0,6,84
u4,3,6,1,0,7,47
u5,3,7,1,1,7,16
u6,3,10,1,1,7,16
u7,3,9,1,1,8,16
u8,3,5,1,1,6,15
u9,3,4,0,1,10,15
u10,3,4,0,1,6,16
u11,3,8,0,1,4,16
u12,3,7,0,1,2,16
u13,3,2,0,1,5,16
u14,3,6,0,1,2,16
u15,3,8,1,1,8,17
u16,3,4,1,1,3,15
u17,3,1,1,1,6,15
u18,3,5,1,1,5,15
u19,3,6,1,1,10,15
u20,3,8,1,1,10,16
u21,3,6,1,1,6,16
u22,3,3,1,1,9,15
u23,3,8,0,1,7,15
u24,3,10,0,1,8,16
u25,3,7,0,1,7,11
u26,3,9,0,1,7,16
u27,3,9,0,1,9,20
u28,3,9,1,1,10,18
u29,3,10,0,1,9,20
u30,3,8,0,1,8,20
u31,3,6,0,1,7,20
u32,3,7,0,1,5,18
u33,3,9,1,1,7,18
u34,3,5,1,1,4,15
u35,3,8,0,1,8,13
u36,3,4,0,1,5,8
u37,3,7,0,1,6,10
u38,3,6,0,1,7,10
u39,3,5,0,1,7,6
u40,3,10,1,2,8,60
u41,3,8,1,2,7,53
u42,3,1,1,0,3,55
u43,3,8,1,0,9,44
u44,3,7,1,2,6,47
u45,3,5,1,2,7,48
u46,3,7,0,2,6,48
u47,3,1,1,0,1,48
u48,3,8,0,2,9,38
u49,3,7,1,0,9,35
u50,3,8,1,1,8,32
u51,3,6,1,1,8,30
u52,3,5,1,0,5,26
u53,3,7,1,1,8,24
u54,3,9,0,1,8,24
u55,3,8,0,1,5,27
u56,3,7,1,1,7,27
u57,3,4,1,1,8,24
u58,3,8,1,1,5,22
u59,3,7,0,2,4,29
u60,3,8,0,1,7,23
u61,3,8,0,1,6,21
u62,3,8,0,1,7,22
u63,3,6,0,1,6,22
u64,3,8,0,1,7,21
u65,3,5,0,1,5,22
u66,3,7,0,1,9,24
u67,3,5,0,1,10,25
u68,3,2,0,1,2,21
u69,3,6,0,1,6,29
u70,3,10,0,1,9,22
u71,3,9,0,1,8,21
u72,3,5,1,1,4,22
u73,3,6,1,1,6,23
u74,3,6,1,1,2,16
u75,3,10,1,1,7,23
u76,3,6,0,1,2,23
u77,3,5,1,1,9,19
u78,3,8,1,1,5,17
u79,3,7,1,1,10,16
u80,3,5,1,1,4,18
u81,3,6,1,1,6,18
u82,3,3,1,1,2,17
u83,3,3,0,1,4,20
u84,3,7,0,1,3,20
u85,3,2,0,1,3,18
u86,3,3,0,1,10,21
u87,3,1,0,1,3,19
u88,3,10,0,1,3,23
u89,3,1,0,1,3,19
u90,3,7,0,1,4,20
u91,3,10,1,1,7,23
u92,3,10,0,1,8,20
u93,3,10,0,1,8,18
u94,3,1,0,1,5,21
u95,3,5,0,1,8,21
u96,3,7,0,1,2,22
u97,3,5,1,1,1,21
u98,3,7,1,1,4,23
u99,3,5,1,1,5,22
u100,3,8,1,1,8,23
u1,4,7,1,1,9,23
u2,4,6,0,2,4,58
u3,4,6,1,0,4,84
u4,4,7,1,0,6,47
u5,4,6,1,1,8,16
u6,4,8,1,1,8,16
u7,4,8,1,1,9,16
u8,4,6,1,1,3,15
u9,4,5,0,1,7,15
u10,4,1,0,1,5,16
u11,4,4,0,1,5,16
u12,4,2,0,1,4,16
u13,4,4,0,1,6,16
u14,4,9,0,1,8,16
u15,4,1,1,1,4,17
u16,4,7,1,1,2,15
u17,4,5,1,1,9,15
u18,4,10,1,1,4,15
u19,4,9,1,1,5,15
u20,4,10,1,1,1,16
u21,4,8,1,1,8,16
u22,4,4,0,1,8,15
u23,4,7,0,1,6,15
u24,4,9,0,1,7,16
u25,4,8,0,1,8,11
u26,4,7,0,1,8,16
u27,4,9,0,1,10,20
u28,4,10,1,1,9,18
u29,4,9,0,1,10,20
u30,4,8,0,1,7,20
u31,4,7,0,1,8,20
u32,4,7,0,1,3,18
u33,4,6,1,1,8,18
u34,4,4,1,1,3,15
u35,4,9,0,1,8,13
u36,4,5,0,1,4,8
u37,4,8,0,1,7,10
u38,4,7,0,1,8,10
u39,4,4,0,1,8,6
u40,4,8,1,2,9,60
u41,4,9,1,2,8,53
u42,4,4,1,0,3,55
u43,4,6,1,0,5,44
u44,4,7,1,2,7,47
u45,4,8,1,2,7,48
u46,4,10,0,2,9,48
u47,4,2,1,0,7,48
u48,4,6,0,2,7,38
u49,4,5,1,0,5,35
u50,4,6,1,1,3,32
u51,4,5,1,1,9,30
u52,4,5,1,0,4,26
u53,4,8,1,1,9,24
u54,4,10,0,1,7,24
u55,4,7,0,1,9,27
u56,4,9,1,1,5,27
u57,4,6,1,1,5,24
u58,4,7,1,1,6,22
u59,4,7,0,2,10,29
u60,4,6,0,1,6,23
u61,4,9,0,1,7,21
u62,4,9,0,1,8,22
u63,4,5,0,1,5,22
u64,4,7,0,1,8,21
u65,4,4,0,1,1,22
u66,4,7,0,1,8,24
u67,4,4,0,1,5,25
u68,4,1,0,1,3,21
u69,4,7,0,1,7,29
u70,4,7,0,1,10,22
u71,4,8,0,1,8,21
u72,4,6,1,1,6,22
u73,4,2,1,1,6,23
u74,4,3,1,1,6,16
u75,4,5,1,1,1,23
u76,4,1,0,1,3,23
u77,4,2,1,1,10,19
u78,4,6,1,1,1,17
u79,4,5,1,1,5,16
u80,4,3,1,1,6,18
u81,4,3,1,1,4,18
u82,4,1,1,1,5,17
u83,4,1,0,1,7,20
u84,4,2,0,1,1,20
u85,4,5,0,1,6,18
u86,4,6,0,1,6,21
u87,4,3,0,1,2,19
u88,4,10,0,1,5,23
u89,4,1,0,1,4,19
u90,4,5,0,1,5,20
u91,4,6,1,1,10,23
u92,4,7,0,1,10,20
u93,4,9,0,1,3,18
u94,4,3,0,1,7,21
u95,4,4,0,1,6,21
u96,4,10,0,1,2,22
u97,4,6,1,1,4,21
u98,4,8,1,1,6,23
u99,4,5,1,1,6,22
u100,4,7,1,1,7,23
u1,5,8,1,1,6,23
u2,5,5,0,2,5,58
u3,5,8,1,0,5,84
u4,5,9,1,0,9,47
u5,5,7,1,1,5,16
u6,5,7,1,1,9,16
u7,5,9,1,1,8,16
u8,5,7,1,1,5,15
u9,5,6,0,1,7,15
u10,5,4,0,1,5,16
u11,5,2,0,1,7,16
u12,5,5,0,1,6,16
u13,5,10,0,1,7,16
u14,5,7,0,1,6,16
u15,5,5,1,1,8,17
u16,5,9,1,1,4,15
u17,5,8,1,1,4,15
u18,5,10,1,1,5,15
u19,5,2,1,1,9,15
u20,5,1,1,1,2,16
u21,5,10,1,1,7,16
u22,5,5,0,1,7,15
u23,5,6,0,1,5,15
u24,5,8,0,1,6,16
u25,5,9,0,1,7,11
u26,5,8,0,1,9,16
u27,5,10,0,1,9,20
u28,5,10,1,1,9,18
u29,5,10,0,1,7,20
u30,5,7,0,1,8,20
u31,5,7,0,1,8,20
u32,5,6,0,1,6,18
u33,5,7,1,1,9,18
u34,5,4,1,1,3,15
u35,5,6,0,1,6,13
u36,5,6,0,1,7,8
u37,5,9,0,1,8,10
u38,5,7,0,1,9,10
u39,5,3,0,1,6,6
u40,5,4,1,2,7,60
u41,5,6,1,2,9,53
u42,5,7,1,0,3,55
u43,5,5,1,0,6,44
u44,5,7,1,2,6,47
u45,5,8,1,2,8,48
u46,5,6,0,2,10,48
u47,5,4,1,0,2,48
u48,5,6,0,2,8,38
u49,5,6,1,0,5,35
u50,5,7,1,1,4,32
u51,5,7,1,1,10,30
u52,5,7,1,0,6,26
u53,5,9,1,1,7,24
u54,5,6,0,1,4,24
u55,5,6,0,1,5,27
u56,5,9,1,1,8,27
u57,5,8,1,1,5,24
u58,5,8,1,1,8,22
u59,5,6,0,2,7,29
u60,5,5,0,1,5,23
u61,5,6,0,1,6,21
u62,5,5,0,1,5,22
u63,5,6,0,1,5,22
u64,5,6,0,1,6,21
u65,5,4,0,1,4,22
u66,5,7,0,1,8,24
u67,5,9,0,1,4,25
u68,5,3,0,1,3,21
u69,5,8,0,1,8,29
u70,5,5,0,1,10,22
u71,5,9,0,1,7,21
u72,5,10,1,1,7,22
u73,5,5,1,1,7,23
u74,5,7,1,1,4,16
u75,5,4,1,1,10,23
u76,5,4,0,1,4,23
u77,5,1,1,1,4,19
u78,5,3,1,1,4,17
u79,5,10,1,1,7,16
u80,5,1,1,1,2,18
u81,5,6,1,1,7,18
u82,5,6,1,1,7,17
u83,5,7,0,1,2,20
u84,5,3,0,1,5,20
u85,5,3,0,1,2,18
u86,5,6,0,1,4,21
u87,5,1,0,1,3,19
u88,5,10,0,1,6,23
u89,5,2,0,1,5,19
u90,5,6,0,1,9,20
u91,5,1,1,1,2,23
u92,5,10,0,1,10,20
u93,5,10,0,1,6,18
u94,5,6,0,1,9,21
u95,5,4,0,1,5,21
u96,5,5,0,1,1,22
u97,5,5,1,1,7,21
u98,5,8,1,1,2,23
u99,5,7,1,1,5,22
u100,5,7,1,1,7,23
u1,6,7,1,1,8,23
u2,6,7,0,2,5,58
u3,6,7,1,0,6,84
u4,6,8,1,0,8,47
u5,6,4,1,1,6,16
u6,6,5,1,1,1,16
u7,6,8,1,1,9,16
u8,6,9,1,1,4,15
u9,6,7,0,1,5,15
u10,6,4,0,1,4,16
u11,6,6,0,1,9,16
u12,6,9,0,1,7,16
u13,6,9,0,1,8,16
u14,6,8,0,1,2,16
u15,6,8,1,1,6,17
u16,6,10,1,1,5,15
u17,6,10,1,1,2,15
u18,6,7,1,1,2,15
u19,6,7,1,1,4,15
u20,6,2,1,1,2,16
u21,6,3,1,1,7,16
u22,6,6,0,1,6,15
u23,6,5,0,1,4,15
u24,6,7,0,1,5,16
u25,6,8,0,1,10,11
u26,6,9,0,1,8,16
u27,6,8,0,1,9,20
u28,6,8,1,1,9,18
u29,6,8,0,1,8,20
u30,6,6,0,1,7,20
u31,6,7,0,1,9,20
u32,6,4,0,1,7,18
u33,6,5,1,1,10,18
u34,6,6,1,1,5,15
u35,6,6,0,1,8,13
u36,6,7,0,1,8,8
u37,6,5,0,1,9,10
u38,6,8,0,1,8,10
u39,6,3,0,1,2,6
u40,6,2,1,2,2,60
u41,6,5,1,2,10,53
u42,6,9,1,0,4,55
u43,6,9,1,0,5,44
u44,6,9,1,2,8,47
u45,6,9,1,2,9,48
u46,6,6,0,2,7,48
u47,6,3,1,0,3,48
u48,6,10,0,2,10,38
u49,6,8,1,0,8,35
u50,6,8,1,1,9,32
u51,6,8,1,1,10,30
u52,6,7,1,0,7,26
u53,6,8,1,1,8,24
u54,6,9,0,1,8,24
u55,6,8,0,1,8,27
u56,6,9,1,1,8,27
u57,6,7,1,1,9,24
u58,6,7,1,1,5,22
u59,6,6,0,2,8,29
u60,6,9,0,1,9,23
u61,6,8,0,1,8,21
u62,6,6,0,1,6,22
u63,6,10,0,1,7,22
u64,6,5,0,1,5,21
u65,6,7,0,1,5,22
u66,6,8,0,1,8,24
u67,6,9,0,1,6,25
u68,6,3,0,1,4,21
u69,6,9,0,1,7,29
u70,6,9,0,1,9,22
u71,6,9,0,1,9,21
u72,6,9,1,1,8,22
u73,6,6,1,1,7,23
u74,6,5,1,1,2,16
u75,6,5,1,1,2,23
u76,6,6,0,1,5,23
u77,6,3,1,1,1,19
u78,6,10,1,1,3,17
u79,6,10,1,1,3,16
u80,6,6,1,1,4,18
u81,6,3,1,1,6,18
u82,6,8,1,1,3,17
u83,6,5,0,1,4,20
u84,6,7,0,1,2,20
u85,6,1,0,1,8,18
u86,6,10,0,1,8,21
u87,6,2,0,1,5,19
u88,6,9,0,1,7,23
u89,6,2,0,1,5,19
u90,6,4,0,1,4,20
u91,6,3,1,1,3,23
u92,6,8,0,1,6,20
u93,6,10,0,1,4,18
u94,6,10,0,1,3,21
u95,6,3,0,1,4,21
u96,6,7,0,1,3,22
u97,6,4,1,1,9,21
u98,6,8,1,1,2,23
u99,6,7,1,1,6,22
u100,6,9,1,1,6,23
u1,7,3,1,1,10,23
u2,7,6,0,2,6,58
u3,7,7,1,0,5,84
u4,7,8,1,0,5,47
u5,7,5,1,1,8,16
u6,7,6,1,1,2,16
u7,7,3,1,1,1,16
u8,7,4,1,1,1,15
u9,7,8,0,1,2,15
u10,7,2,0,1,4,16
u11,7,7,0,1,8,16
u12,7,7,0,1,9,16
u13,7,8,0,1,9,16
u14,7,6,0,1,4,16
u15,7,6,1,1,9,17
u16,7,5,1,1,2,15
u17,7,6,1,1,10,15
u18,7,8,1,1,4,15
u19,7,1,1,1,2,15
u20,7,3,1,1,4,16
u21,7,1,1,1,5,16
u22,7,7,0,1,5,15
u23,7,4,0,1,3,15
u24,7,6,0,1,4,16
u25,7,8,0,1,9,11
u26,7,7,0,1,7,16
u27,7,9,0,1,8,20
u28,7,7,1,1,8,18
u29,7,7,0,1,8,20
u30,7,5,0,1,8,20
u31,7,7,0,1,9,20
u32,7,4,0,1,5,18
u33,7,6,1,1,8,18
u34,7,8,1,1,6,15
u35,7,7,0,1,5,13
u36,7,7,0,1,9,8
u37,7,7,0,1,5,10
u38,7,9,0,1,7,10
u39,7,7,0,1,6,6
u40,7,5,1,2,9,60
u41,7,7,1,2,8,53
u42,7,8,1,0,5,55
u43,7,6,1,0,6,44
u44,7,8,1,2,7,47
u45,7,8,1,2,10,48
u46,7,8,0,2,7,48
u47,7,2,1,0,5,48
u48,7,10,0,2,10,38
u49,7,9,1,0,9,35
u50,7,5,1,1,4,32
u51,7,8,1,1,7,30
u52,7,7,1,0,6,26
u53,7,7,1,1,7,24
u54,7,9,0,1,6,24
u55,7,7,0,1,6,27
u56,7,8,1,1,7,27
u57,7,5,1,1,6,24
u58,7,7,1,1,10,22
u59,7,6,0,2,6,29
u60,7,10,0,1,10,23
u61,7,7,0,1,7,21
u62,7,5,0,1,7,22
u63,7,10,0,1,7,22
u64,7,7,0,1,6,21
u65,7,7,0,1,7,22
u66,7,10,0,1,10,24
u67,7,6,0,1,7,25
u68,7,3,0,1,3,21
u69,7,8,0,1,8,29
u70,7,10,0,1,10,22
u71,7,7,0,1,8,21
u72,7,9,1,1,8,22
u73,7,7,1,1,8,23
u74,7,4,1,1,3,16
u75,7,4,1,1,8,23
u76,7,8,0,1,6,23
u77,7,5,1,1,3,19
u78,7,1,1,1,2,17
u79,7,1,1,1,1,16
u80,7,4,1,1,1,18
u81,7,4,1,1,9,18
u82,7,5,1,1,6,17
u83,7,10,0,1,1,20
u84,7,3,0,1,8,20
u85,7,6,0,1,9,18
u86,7,7,0,1,3,21
u87,7,4,0,1,4,19
u88,7,8,0,1,10,23
u89,7,2,0,1,5,19
u90,7,5,0,1,6,20
u91,7,2,1,1,1,23
u92,7,9,0,1,5,20
u93,7,1,0,1,1,18
u94,7,2,0,1,7,21
u95,7,2,0,1,3,21
u96,7,2,0,1,9,22
u97,7,7,1,1,7,21
u98,7,8,1,1,3,23
u99,7,7,1,1,5,22
u100,7,7,1,1,5,23
u1,8,6,1,1,7,23
u2,8,4,0,2,6,58
u3,8,3,1,0,5,84
u4,8,8,1,0,7,47
u5,8,5,1,1,7,16
u6,8,7,1,1,3,16
u7,8,4,1,1,2,16
u8,8,3,1,1,2,15
u9,8,9,0,1,9,15
u10,8,3,0,1,4,16
u11,8,4,0,1,9,16
u12,8,4,0,1,7,16
u13,8,7,0,1,10,16
u14,8,7,0,1,7,16
u15,8,7,1,1,7,17
u16,8,3,1,1,1,15
u17,8,6,1,1,7,15
u18,8,6,1,1,2,15
u19,8,2,1,1,6,15
u20,8,4,1,1,6,16
u21,8,4,1,1,6,16
u22,8,8,0,1,4,15
u23,8,3,0,1,2,15
u24,8,5,0,1,3,16
u25,8,7,0,1,7,11
u26,8,8,0,1,8,16
u27,8,8,0,1,9,20
u28,8,9,1,1,9,18
u29,8,8,0,1,9,20
u30,8,8,0,1,6,20
u31,8,6,0,1,8,20
u32,8,5,0,1,5,18
u33,8,4,1,1,6,18
u34,8,5,1,1,6,15
u35,8,5,0,1,6,13
u36,8,4,0,1,8,8
u37,8,7,0,1,6,10
u38,8,7,0,1,6,10
u39,8,6,0,1,5,6
u40,8,7,1,2,10,60
u41,8,8,1,2,9,53
u42,8,10,1,0,6,55
u43,8,5,1,0,5,44
u44,8,9,1,2,7,47
u45,8,10,1,2,9,48
u46,8,5,0,2,7,48
u47,8,3,1,0,2,48
u48,8,9,0,2,8,38
u49,8,7,1,0,7,35
u50,8,9,1,1,7,32
u51,8,7,1,1,8,30
u52,8,7,1,0,7,26
u53,8,8,1,1,6,24
u54,8,9,0,1,5,24
u55,8,9,0,1,7,27
u56,8,9,1,1,7,27
u57,8,8,1,1,5,24
u58,8,7,1,1,8,22
u59,8,5,0,2,3,29
u60,8,7,0,1,6,23
u61,8,5,0,1,5,21
u62,8,4,0,1,3,22
u63,8,4,0,1,5,22
u64,8,5,0,1,4,21
u65,8,3,0,1,2,22
u66,8,2,0,1,1,24
u67,8,8,0,1,9,25
u68,8,5,0,1,6,21
u69,8,7,0,1,5,29
u70,8,7,0,1,10,22
u71,8,8,0,1,8,21
u72,8,2,1,1,8,22
u73,8,8,1,1,9,23
u74,8,8,1,1,1,16
u75,8,5,1,1,8,23
u76,8,5,0,1,7,23
u77,8,1,1,1,6,19
u78,8,4,1,1,6,17
u79,8,3,1,1,4,16
u80,8,2,1,1,2,18
u81,8,9,1,1,10,18
u82,8,3,1,1,1,17
u83,8,8,0,1,6,20
u84,8,10,0,1,10,20
u85,8,4,0,1,10,18
u86,8,5,0,1,8,21
u87,8,5,0,1,6,19
u88,8,7,0,1,9,23
u89,8,4,0,1,4,19
u90,8,8,0,1,8,20
u91,8,4,1,1,5,23
u92,8,8,0,1,10,20
u93,8,2,0,1,1,18
u94,8,2,0,1,3,21
u95,8,3,0,1,4,21
u96,8,3,0,1,6,22
u97,8,6,1,1,10,21
u98,8,2,1,1,5,23
u99,8,6,1,1,6,22
u100,8,6,1,1,6,23
u1,9,8,1,1,9,23
u2,9,3,0,2,4,58
u3,9,4,1,0,4,84
u4,9,9,1,0,8,47
u5,9,7,1,1,6,16
u6,9,5,1,1,4,16
u7,9,7,1,1,3,16
u8,9,6,1,1,3,15
u9,9,1,0,1,4,15
u10,9,3,0,1,3,16
u11,9,5,0,1,7,16
u12,9,2,0,1,5,16
u13,9,6,0,1,9,16
u14,9,6,0,1,4,16
u15,9,2,1,1,2,17
u16,9,1,1,1,3,15
u17,9,4,1,1,5,15
u18,9,8,1,1,5,15
u19,9,4,1,1,1,15
u20,9,5,1,1,8,16
u21,9,10,1,1,8,16
u22,9,9,0,1,3,15
u23,9,2,0,1,1,15
u24,9,4,0,1,2,16
u25,9,5,0,1,7,11
u26,9,8,0,1,9,16
u27,9,10,0,1,10,20
u28,9,8,1,1,10,18
u29,9,7,0,1,7,20
u30,9,7,0,1,9,20
u31,9,6,0,1,10,20
u32,9,4,0,1,2,18
u33,9,5,1,1,5,18
u34,9,5,1,1,7,15
u35,9,5,0,1,4,13
u36,9,5,0,1,6,8
u37,9,5,0,1,7,10
u38,9,6,0,1,5,10
u39,9,4,0,1,3,6
u40,9,3,1,2,7,60
u41,9,7,1,2,10,53
u42,9,6,1,0,7,55
u43,9,7,1,0,6,44
u44,9,8,1,2,8,47
u45,9,3,1,2,7,48
u46,9,4,0,2,5,48
u47,9,3,1,0,3,48
u48,9,9,0,2,8,38
u49,9,6,1,0,10,35
u50,9,8,1,1,9,32
u51,9,8,1,1,9,30
u52,9,7,1,0,8,26
u53,9,7,1,1,9,24
u54,9,7,0,1,6,24
u55,9,6,0,1,6,27
u56,9,10,1,1,9,27
u57,9,9,1,1,6,24
u58,9,8,1,1,8,22
u59,9,7,0,2,6,29
u60,9,8,0,1,7,23
u61,9,6,0,1,6,21
u62,9,3,0,1,4,22
u63,9,4,0,1,5,22
u64,9,6,0,1,5,21
u65,9,5,0,1,2,22
u66,9,3,0,1,1,24
u67,9,4,0,1,4,25
u68,9,2,0,1,7,21
u69,9,8,0,1,5,29
u70,9,9,0,1,3,22
u71,9,9,0,1,5,21
u72,9,2,1,1,6,22
u73,9,9,1,1,8,23
u74,9,7,1,1,1,16
u75,9,2,1,1,5,23
u76,9,10,0,1,8,23
u77,9,7,1,1,3,19
u78,9,5,1,1,10,17
u79,9,5,1,1,6,16
u80,9,8,1,1,3,18
u81,9,10,1,1,10,18
u82,9,1,1,1,8,17
u83,9,6,0,1,9,20
u84,9,7,0,1,8,20
u85,9,2,0,1,5,18
u86,9,3,0,1,2,21
u87,9,6,0,1,7,19
u88,9,6,0,1,10,23
u89,9,4,0,1,4,19
u90,9,2,0,1,2,20
u91,9,10,1,1,6,23
u92,9,8,0,1,4,20
u93,9,3,0,1,2,18
u94,9,6,0,1,1,21
u95,9,1,0,1,1,21
u96,9,6,0,1,4,22
u97,9,10,1,1,5,21
u98,9,4,1,1,3,23
u99,9,6,1,1,7,22
u100,9,5,1,1,9,23
u1,10,5,1,1,6,23
u2,10,5,0,2,2,58
u3,10,5,1,0,5,84
u4,10,5,1,0,9,47
u5,10,4,1,1,5,16
u6,10,4,1,1,5,16
u7,10,5,1,1,4,16
u8,10,5,1,1,4,15
u9,10,2,0,1,3,15
u10,10,5,0,1,1,16
u11,10,10,0,1,1,16
u12,10,3,0,1,6,16
u13,10,4,0,1,8,16
u14,10,7,0,1,3,16
u15,10,9,1,1,5,17
u16,10,4,1,1,5,15
u17,10,3,1,1,9,15
u18,10,9,1,1,8,15
u19,10,6,1,1,8,15
u20,10,6,1,1,10,16
u21,10,1,1,1,8,16
u22,10,10,0,1,2,15
u23,10,1,0,1,2,15
u24,10,3,0,1,1,16
u25,10,5,0,1,7,11
u26,10,7,0,1,9,16
u27,10,10,0,1,9,20
u28,10,9,1,1,8,18
u29,10,8,0,1,10,20
u30,10,5,0,1,8,20
u31,10,9,0,1,9,20
u32,10,4,0,1,8,18
u33,10,8,1,1,4,18
u34,10,7,1,1,7,15
u35,10,6,0,1,6,13
u36,10,2,0,1,1,8
u37,10,4,0,1,3,10
u38,10,5,0,1,6,10
u39,10,4,0,1,3,6
u40,10,1,1,2,8,60
u41,10,10,1,2,8,53
u42,10,3,1,0,7,55
u43,10,5,1,0,7,44
u44,10,10,1,2,9,47
u45,10,1,1,2,2,48
u46,10,4,0,2,5,48
u47,10,4,1,0,4,48
u48,10,10,0,2,9,38
u49,10,5,1,0,8,35
u50,10,7,1,1,7,32
u51,10,6,1,1,6,30
u52,10,4,1,0,9,26
u53,10,9,1,1,10,24
u54,10,8,0,1,8,24
u55,10,6,0,1,7,27
u56,10,7,1,1,6,27
u57,10,9,1,1,8,24
u58,10,8,1,1,8,22
u59,10,6,0,2,4,29
u60,10,7,0,1,6,23
u61,10,6,0,1,9,21
u62,10,7,0,1,4,22
u63,10,5,0,1,4,22
u64,10,4,0,1,4,21
u65,10,8,0,1,8,22
u66,10,8,0,1,7,24
u67,10,5,0,1,6,25
u68,10,2,0,1,3,21
u69,10,9,0,1,7,29
u70,10,10,0,1,10,22
u71,10,8,0,1,7,21
u72,10,8,1,1,5,22
u73,10,7,1,1,9,23
u74,10,9,1,1,1,16
u75,10,7,1,1,1,23
u76,10,3,0,1,9,23
u77,10,4,1,1,2,19
u78,10,6,1,1,6,17
u79,10,4,1,1,2,16
u80,10,4,1,1,1,18
u81,10,8,1,1,2,18
u82,10,5,1,1,5,17
u83,10,9,0,1,4,20
u84,10,4,0,1,7,20
u85,10,3,0,1,3,18
u86,10,8,0,1,7,21
u87,10,2,0,1,1,19
u88,10,5,0,1,8,23
u89,10,5,0,1,4,19
u90,10,4,0,1,3,20
u91,10,9,1,1,6,23
u92,10,10,0,1,6,20
u93,10,4,0,1,2,18
u94,10,8,0,1,3,21
u95,10,2,0,1,10,21
u96,10,2,0,1,10,22
u97,10,3,1,1,7,21
u98,10,4,1,1,7,23
u99,10,5,1,1,6,22
u100,10,7,1,1,6,23
u1,11,6,1,1,5,23
u2,11,5,0,2,5,58
u3,11,5,1,0,5,84
u4,11,5,1,0,8,47
u5,11,9,1,1,4,16
u6,11,5,1,1,6,16
u7,11,6,1,1,5,16
u8,11,1,1,1,5,15
u9,11,3,0,1,6,15
u10,11,1,0,1,2,16
u11,11,5,0,1,3,16
u12,11,1,0,1,4,16
u13,11,4,0,1,7,16
u14,11,7,0,1,4,16
u15,11,2,1,1,2,17
u16,11,3,1,1,6,15
u17,11,1,1,1,6,15
u18,11,7,1,1,7,15
u19,11,10,1,1,10,15
u20,11,7,1,1,2,16
u21,11,2,1,1,8,16
u22,11,10,0,1,1,15
u23,11,2,0,1,3,15
u24,11,2,0,1,2,16
u25,11,5,0,1,8,11
u26,11,7,0,1,9,16
u27,11,9,0,1,9,20
u28,11,8,1,1,7,18
u29,11,6,0,1,10,20
u30,11,6,0,1,8,20
u31,11,9,0,1,9,20
u32,11,3,0,1,8,18
u33,11,3,1,1,2,18
u34,11,6,1,1,5,15
u35,11,6,0,1,7,13
u36,11,7,0,1,5,8
u37,11,3,0,1,5,10
u38,11,3,0,1,7,10
u39,11,6,0,1,5,6
u40,11,4,1,2,9,60
u41,11,6,1,2,9,53
u42,11,9,1,0,7,55
u43,11,10,1,0,8,44
u44,11,3,1,2,5,47
u45,11,1,1,2,3,48
u46,11,6,0,2,1,48
u47,11,2,1,0,5,48
u48,11,5,0,2,8,38
u49,11,7,1,0,8,35
u50,11,10,1,1,10,32
u51,11,8,1,1,7,30
u52,11,4,1,0,5,26
u53,11,9,1,1,8,24
u54,11,8,0,1,6,24
u55,11,5,0,1,5,27
u56,11,9,1,1,8,27
u57,11,3,1,1,7,24
u58,11,7,1,1,8,22
u59,11,7,0,2,5,29
u60,11,7,0,1,8,23
u61,11,6,0,1,4,21
u62,11,6,0,1,6,22
u63,11,4,0,1,5,22
u64,11,5,0,1,4,21
u65,11,4,0,1,3,22
u66,11,4,0,1,5,24
u67,11,6,0,1,5,25
u68,11,1,0,1,4,21
u69,11,8,0,1,9,29
u70,11,8,0,1,9,22
u71,11,8,0,1,9,21
u72,11,6,1,1,6,22
u73,11,8,1,1,8,23
u74,11,9,1,1,7,16
u75,11,1,1,1,3,23
u76,11,1,0,1,10,23
u77,11,5,1,1,3,19
u78,11,3,1,1,8,17
u79,11,7,1,1,9,16
u80,11,1,1,1,5,18
u81,11,4,1,1,1,18
u82,11,8,1,1,2,17
u83,11,4,0,1,10,20
u84,11,6,0,1,5,20
u85,11,8,0,1,4,18
u86,11,10,0,1,5,21
u87,11,4,0,1,2,19
u88,11,4,0,1,5,23
u89,11,6,0,1,4,19
u90,11,8,0,1,5,20
u91,11,10,1,1,6,23
u92,11,10,0,1,6,20
u93,11,4,0,1,3,18
u94,11,10,0,1,6,21
u95,11,2,0,1,1,21
u96,11,7,0,1,1,22
u97,11,6,1,1,2,21
u98,11,4,1,1,6,23
u99,11,6,1,1,4,22
u100,11,10,1,1,8,23
u1,12,9,1,1,7,23
u2,12,5,0,2,4,58
u3,12,5,1,0,6,84
u4,12,9,1,0,9,47
u5,12,6,1,1,3,16
u6,12,6,1,1,7,16
u7,12,6,1,1,6,16
u8,12,6,1,1,6,15
u9,12,4,0,1,5,15
u10,12,6,0,1,3,16
u11,12,6,0,1,1,16
u12,12,5,0,1,1,16
u13,12,7,0,1,6,16
u14,12,9,0,1,3,16
u15,12,5,1,1,6,17
u16,12,5,1,1,4,15
u17,12,6,1,1,7,15
u18,12,2,1,1,9,15
u19,12,5,1,1,5,15
u20,12,8,1,1,4,16
u21,12,4,1,1,9,16
u22,12,9,0,1,1,15
u23,12,3,0,1,4,15
u24,12,1,0,1,3,16
u25,12,5,0,1,9,11
u26,12,9,0,1,8,16
u27,12,8,0,1,6,20
u28,12,10,1,1,8,18
u29,12,7,0,1,8,20
u30,12,6,0,1,7,20
u31,12,10,0,1,9,20
u32,12,5,0,1,6,18
u33,12,5,1,1,3,18
u34,12,6,1,1,8,15
u35,12,10,0,1,8,13
u36,12,1,0,1,1,8
u37,12,2,0,1,2,10
u38,12,2,0,1,3,10
u39,12,1,0,1,1,6
u40,12,5,1,2,7,60
u41,12,8,1,2,10,53
u42,12,10,1,0,8,55
u43,12,6,1,0,7,44
u44,12,3,1,2,3,47
u45,12,2,1,2,2,48
u46,12,2,0,2,1,48
u47,12,4,1,0,6,48
u48,12,3,0,2,7,38
u49,12,5,1,0,9,35
u50,12,4,1,1,6,32
u51,12,8,1,1,8,30
u52,12,6,1,0,8,26
u53,12,10,1,1,7,24
u54,12,6,0,1,9,24
u55,12,7,0,1,8,27
u56,12,8,1,1,8,27
u57,12,1,1,1,4,24
u58,12,9,1,1,9,22
u59,12,7,0,2,9,29
u60,12,7,0,1,8,23
u61,12,8,0,1,7,21
u62,12,7,0,1,7,22
u63,12,4,0,1,4,22
u64,12,7,0,1,6,21
u65,12,8,0,1,7,22
u66,12,8,0,1,8,24
u67,12,7,0,1,7,25
u68,12,3,0,1,2,21
u69,12,9,0,1,8,29
u70,12,9,0,1,8,22
u71,12,6,0,1,7,21
u72,12,8,1,1,6,22
u73,12,7,1,1,7,23
u74,12,2,1,1,3,16
u75,12,3,1,1,9,23
u76,12,4,0,1,9,23
u77,12,7,1,1,5,19
u78,12,7,1,1,8,17
u79,12,6,1,1,5,16
u80,12,6,1,1,6,18
u81,12,7,1,1,3,18
u82,12,3,1,1,8,17
u83,12,2,0,1,9,20
u84,12,1,0,1,2,20
u85,12,2,0,1,6,18
u86,12,7,0,1,9,21
u87,12,3,0,1,3,19
u88,12,3,0,1,2,23
u89,12,7,0,1,4,19
u90,12,6,0,1,8,20
u91,12,10,1,1,10,23
u92,12,9,0,1,5,20
u93,12,2,0,1,4,18
u94,12,9,0,1,5,21
u95,12,3,0,1,2,21
u96,12,9,0,1,6,22
u97,12,8,1,1,6,21
u98,12,6,1,1,7,23
u99,12,7,1,1,5,22
u100,12,10,1,1,8,23
u1,13,4,1,1,9,23
u2,13,6,0,2,5,58
u3,13,6,1,0,6,84
u4,13,9,1,0,8,47
u5,13,7,1,1,4,16
u6,13,7,1,1,8,16
u7,13,9,1,1,7,16
u8,13,4,1,1,7,15
u9,13,5,0,1,1,15
u10,13,3,0,1,4,16
u11,13,3,0,1,3,16
u12,13,6,0,1,3,16
u13,13,5,0,1,1,16
u14,13,7,0,1,4,16
u15,13,3,1,1,9,17
u16,13,6,1,1,7,15
u17,13,9,1,1,9,15
u18,13,5,1,1,2,15
u19,13,8,1,1,9,15
u20,13,9,1,1,6,16
u21,13,5,1,1,9,16
u22,13,8,0,1,2,15
u23,13,4,0,1,5,15
u24,13,2,0,1,4,16
u25,13,5,0,1,9,11
u26,13,10,0,1,7,16
u27,13,8,0,1,7,20
u28,13,9,1,1,10,18
u29,13,6,0,1,9,20
u30,13,7,0,1,8,20
u31,13,10,0,1,9,20
u32,13,4,0,1,4,18
u33,13,7,1,1,5,18
u34,13,8,1,1,7,15
u35,13,9,0,1,9,13
u36,13,5,0,1,4,8
u37,13,1,0,1,1,10
u38,13,1,0,1,5,10
u39,13,5,0,1,5,6
u40,13,8,1,2,10,60
u41,13,9,1,2,7,53
u42,13,10,1,0,8,55
u43,13,8,1,0,6,44
u44,13,1,1,2,3,47
u45,13,5,1,2,5,48
u46,13,8,0,2,2,48
u47,13,2,1,0,7,48
u48,13,1,0,2,2,38
u49,13,8,1,0,6,35
u50,13,9,1,1,4,32
u51,13,7,1,1,9,30
u52,13,6,1,0,7,26
u53,13,10,1,1,10,24
u54,13,6,0,1,5,24
u55,13,7,0,1,6,27
u56,13,8,1,1,7,27
u57,13,5,1,1,5,24
u58,13,9,1,1,9,22
u59,13,6,0,2,5,29
u60,13,8,0,1,9,23
u61,13,7,0,1,7,21
u62,13,6,0,1,5,22
u63,13,5,0,1,5,22
u64,13,6,0,1,6,21
u65,13,7,0,1,4,22
u66,13,6,0,1,6,24
u67,13,7,0,1,8,25
u68,13,3,0,1,4,21
u69,13,4,0,1,5,29
u70,13,7,0,1,6,22
u71,13,10,0,1,8,21
u72,13,7,1,1,7,22
u73,13,6,1,1,7,23
u74,13,6,1,1,5,16
u75,13,3,1,1,1,23
u76,13,2,0,1,8,23
u77,13,2,1,1,7,19
u78,13,8,1,1,6,17
u79,13,8,1,1,3,16
u80,13,3,1,1,4,18
u81,13,3,1,1,2,18
u82,13,10,1,1,6,17
u83,13,1,0,1,6,20
u84,13,3,0,1,9,20
u85,13,10,0,1,1,18
u86,13,5,0,1,10,21
u87,13,2,0,1,4,19
u88,13,2,0,1,3,23
u89,13,8,0,1,4,19
u90,13,3,0,1,6,20
u91,13,8,1,1,10,23
u92,13,9,0,1,2,20
u93,13,3,0,1,8,18
u94,13,7,0,1,2,21
u95,13,4,0,1,3,21
u96,13,5,0,1,9,22
u97,13,5,1,1,4,21
u98,13,7,1,1,7,23
u99,13,8,1,1,4,22
u100,13,9,1,1,8,23
u1,14,6,1,1,6,23
u2,14,7,0,2,5,58
u3,14,5,1,0,5,84
u4,14,7,1,0,9,47
u5,14,8,1,1,5,16
u6,14,8,1,1,8,16
u7,14,7,1,1,8,16
u8,14,10,1,1,7,15
u9,14,6,0,1,6,15
u10,14,1,0,1,5,16
u11,14,1,0,1,5,16
u12,14,7,0,1,6,16
u13,14,2,0,1,1,16
u14,14,5,0,1,3,16
u15,14,6,1,1,2,17
u16,14,7,1,1,2,15
u17,14,10,1,1,10,15
u18,14,8,1,1,6,15
u19,14,4,1,1,1,15
u20,14,10,1,1,8,16
u21,14,7,1,1,9,16
u22,14,7,0,1,3,15
u23,14,5,0,1,6,15
u24,14,3,0,1,5,16
u25,14,6,0,1,8,11
u26,14,9,0,1,8,16
u27,14,9,0,1,8,20
u28,14,9,1,1,8,18
u29,14,7,0,1,9,20
u30,14,5,0,1,7,20
u31,14,8,0,1,8,20
u32,14,6,0,1,8,18
u33,14,8,1,1,6,18
u34,14,8,1,1,9,15
u35,14,8,0,1,10,13
u36,14,5,0,1,6,8
u37,14,5,0,1,2,10
u38,14,5,0,1,8,10
u39,14,6,0,1,6,6
u40,14,7,1,2,6,60
u41,14,7,1,2,8,53
u42,14,5,1,0,9,55
u43,14,5,1,0,7,44
u44,14,2,1,2,1,47
u45,14,6,1,2,5,48
u46,14,1,0,2,4,48
u47,14,1,1,0,8,48
u48,14,2,0,2,3,38
u49,14,6,1,0,7,35
u50,14,5,1,1,8,32
u51,14,8,1,1,8,30
u52,14,7,1,0,6,26
u53,14,10,1,1,9,24
u54,14,9,0,1,8,24
u55,14,7,0,1,7,27
u56,14,6,1,1,6,27
u57,14,6,1,1,3,24
u58,14,7,1,1,8,22
u59,14,6,0,2,8,29
u60,14,7,0,1,8,23
u61,14,7,0,1,7,21
u62,14,5,0,1,6,22
u63,14,5,0,1,4,22
u64,14,6,0,1,5,21
u65,14,6,0,1,4,22
u66,14,3,0,1,5,24
u67,14,7,0,1,5,25
u68,14,1,0,1,5,21
u69,14,6,0,1,6,29
u70,14,6,0,1,8,22
u71,14,10,0,1,8,21
u72,14,7,1,1,5,22
u73,14,5,1,1,7,23
u74,14,1,1,1,4,16
u75,14,10,1,1,7,23
u76,14,7,0,1,7,23
u77,14,10,1,1,9,19
u78,14,9,1,1,7,17
u79,14,3,1,1,7,16
u80,14,7,1,1,6,18
u81,14,8,1,1,1,18
u82,14,6,1,1,2,17
u83,14,3,0,1,5,20
u84,14,8,0,1,1,20
u85,14,5,0,1,5,18
u86,14,3,0,1,7,21
u87,14,3,0,1,3,19
u88,14,1,0,1,5,23
u89,14,9,0,1,5,19
u90,14,5,0,1,4,20
u91,14,5,1,1,8,23
u92,14,10,0,1,2,20
u93,14,2,0,1,3,18
u94,14,5,0,1,5,21
u95,14,3,0,1,2,21
u96,14,1,0,1,4,22
u97,14,4,1,1,9,21
u98,14,6,1,1,7,23
u99,14,6,1,1,3,22
u100,14,9,1,1,7,23
u1,15,8,1,1,8,23
u2,15,6,0,2,5,58
u3,15,6,1,0,7,84
u4,15,6,1,0,8,47
u5,15,9,1,1,6,16
u6,15,9,1,1,9,16
u7,15,8,1,1,9,16
u8,15,1,1,1,8,15
u9,15,7,0,1,4,15
u10,15,8,0,1,6,16
u11,15,7,0,1,6,16
u12,15,8,0,1,1,16
u13,15,3,0,1,1,16
u14,15,6,0,1,4,16
u15,15,5,1,1,3,17
u16,15,8,1,1,3,15
u17,15,7,1,1,4,15
u18,15,3,1,1,1,15
u19,15,6,1,1,3,15
u20,15,2,1,1,10,16
u21,15,10,1,1,9,16
u22,15,6,0,1,4,15
u23,15,6,0,1,7,15
u24,15,4,0,1,6,16
u25,15,6,0,1,6,11
u26,15,8,0,1,9,16
u27,15,8,0,1,8,20
u28,15,10,1,1,7,18
u29,15,9,0,1,10,20
u30,15,5,0,1,9,20
u31,15,4,0,1,9,20
u32,15,8,0,1,8,18
u33,15,8,1,1,7,18
u34,15,5,1,1,5,15
u35,15,7,0,1,6,13
u36,15,4,0,1,5,8
u37,15,6,0,1,5,10
u38,15,7,0,1,9,10
u39,15,5,0,1,5,6
u40,15,5,1,2,8,60
u41,15,10,1,2,9,53
u42,15,7,1,0,9,55
u43,15,7,1,0,8,44
u44,15,1,1,2,5,47
u45,15,8,1,2,7,48
u46,15,2,0,2,6,48
u47,15,6,1,0,10,48
u48,15,2,0,2,3,38
u49,15,7,1,0,7,35
u50,15,6,1,1,2,32
u51,15,6,1,1,9,30
u52,15,7,1,0,6,26
u53,15,8,1,1,8,24
u54,15,10,0,1,9,24
u55,15,7,0,1,6,27
u56,15,6,1,1,8,27
u57,15,7,1,1,4,24
u58,15,7,1,1,8,22
u59,15,6,0,2,7,29
u60,15,8,0,1,9,23
u61,15,7,0,1,8,21
u62,15,6,0,1,5,22
u63,15,5,0,1,4,22
u64,15,8,0,1,7,21
u65,15,7,0,1,7,22
u66,15,9,0,1,9,24
u67,15,6,0,1,6,25
u68,15,1,0,1,5,21
u69,15,5,0,1,6,29
u70,15,8,0,1,7,22
u71,15,9,0,1,9,21
u72,15,6,1,1,5,22
u73,15,6,1,1,8,23
u74,15,6,1,1,6,16
u75,15,5,1,1,5,23
u76,15,9,0,1,6,23
u77,15,4,1,1,2,19
u78,15,1,1,1,8,17
u79,15,5,1,1,3,16
u80,15,4,1,1,3,18
u81,15,6,1,1,1,18
u82,15,2,1,1,9,17
u83,15,5,0,1,2,20
u84,15,5,0,1,3,20
u85,15,1,0,1,9,18
u86,15,4,0,1,5,21
u87,15,1,0,1,5,19
u88,15,1,0,1,6,23
u89,15,10,0,1,6,19
u90,15,7,0,1,7,20
u91,15,1,1,1,9,23
u92,15,8,0,1,3,20
u93,15,1,0,1,7,18
u94,15,4,0,1,1,21
u95,15,6,0,1,3,21
u96,15,2,0,1,6,22
u97,15,7,1,1,8,21
u98,15,8,1,1,6,23
u99,15,6,1,1,8,22
u100,15,8,1,1,6,23
u1,16,5,1,1,10,23
u2,16,8,0,2,6,58
u3,16,7,1,0,7,84
u4,16,9,1,0,7,47
u5,16,10,1,1,7,16
u6,16,10,1,1,10,16
u7,16,9,1,1,10,16
u8,16,3,1,1,9,15
u9,16,8,0,1,10,15
u10,16,9,0,1,7,16
u11,16,5,0,1,2,16
u12,16,9,0,1,3,16
u13,16,4,0,1,1,16
u14,16,7,0,1,8,16
u15,16,3,1,1,7,17
u16,16,8,1,1,1,15
u17,16,4,1,1,1,15
u18,16,1,1,1,8,15
u19,16,1,1,1,5,15
u20,16,3,1,1,1,16
u21,16,10,1,1,9,16
u22,16,5,0,1,5,15
u23,16,7,0,1,8,15
u24,16,5,0,1,7,16
u25,16,5,0,1,5,11
u26,16,7,0,1,8,16
u27,16,9,0,1,10,20
u28,16,9,1,1,9,18
u29,16,10,0,1,9,20
u30,16,6,0,1,9,20
u31,16,6,0,1,9,20
u32,16,3,0,1,3,18
u33,16,9,1,1,8,18
u34,16,6,1,1,3,15
u35,16,6,0,1,5,13
u36,16,3,0,1,2,8
u37,16,7,0,1,5,10
u38,16,6,0,1,8,10
u39,16,3,0,1,3,6
u40,16,6,1,2,10,60
u41,16,8,1,2,10,53
u42,16,4,1,0,9,55
u43,16,5,1,0,9,44
u44,16,5,1,2,9,47
u45,16,6,1,2,8,48
u46,16,5,0,2,4,48
u47,16,6,1,0,9,48
u48,16,3,0,2,3,38
u49,16,10,1,0,5,35
u50,16,9,1,1,7,32
u51,16,7,1,1,10,30
u52,16,7,1,0,5,26
u53,16,7,1,1,7,24
u54,16,10,0,1,8,24
u55,16,9,0,1,7,27
u56,16,7,1,1,7,27
u57,16,7,1,1,5,24
u58,16,8,1,1,8,22
u59,16,6,0,2,7,29
u60,16,6,0,1,8,23
u61,16,6,0,1,8,21
u62,16,6,0,1,8,22
u63,16,4,0,1,4,22
u64,16,6,0,1,6,21
u65,16,3,0,1,6,22
u66,16,7,0,1,8,24
u67,16,8,0,1,8,25
u68,16,4,0,1,6,21
u69,16,7,0,1,5,29
u70,16,9,0,1,9,22
u71,16,10,0,1,8,21
u72,16,9,1,1,5,22
u73,16,8,1,1,9,23
u74,16,7,1,1,9,16
u75,16,3,1,1,9,23
u76,16,6,0,1,5,23
u77,16,1,1,1,4,19
u78,16,4,1,1,9,17
u79,16,8,1,1,9,16
u80,16,1,1,1,1,18
u81,16,6,1,1,3,18
u82,16,9,1,1,7,17
u83,16,3,0,1,5,20
u84,16,10,0,1,6,20
u85,16,6,0,1,3,18
u86,16,9,0,1,8,21
u87,16,4,0,1,3,19
u88,16,1,0,1,8,23
u89,16,9,0,1,6,19
u90,16,4,0,1,9,20
u91,16,4,1,1,6,23
u92,16,5,0,1,2,20
u93,16,3,0,1,10,18
u94,16,3,0,1,2,21
u95,16,7,0,1,2,21
u96,16,5,0,1,8,22
u97,16,6,1,1,5,21
u98,16,6,1,1,5,23
u99,16,10,1,1,8,22
u100,16,8,1,1,6,23
u1,17,6,1,1,5,23
u2,17,8,0,2,4,58
u3,17,7,1,0,6,84
u4,17,9,1,0,4,47
u5,17,9,1,1,8,16
u6,17,10,1,1,10,16
u7,17,9,1,1,10,16
u8,17,2,1,1,9,15
u9,17,9,0,1,1,15
u10,17,2,0,1,6,16
u11,17,8,0,1,5,16
u12,17,10,0,1,5,16
u13,17,5,0,1,2,16
u14,17,8,0,1,4,16
u15,17,7,1,1,4,17
u16,17,1,1,1,2,15
u17,17,1,1,1,1,15
u18,17,10,1,1,9,15
u19,17,10,1,1,10,15
u20,17,4,1,1,2,16
u21,17,9,1,1,7,16
u22,17,4,0,1,6,15
u23,17,8,0,1,9,15
u24,17,6,0,1,8,16
u25,17,6,0,1,5,11
u26,17,7,0,1,7,16
u27,17,10,0,1,9,20
u28,17,8,1,1,8,18
u29,17,7,0,1,8,20
u30,17,6,0,1,8,20
u31,17,7,0,1,9,20
u32,17,10,0,1,5,18
u33,17,3,1,1,6,18
u34,17,7,1,1,6,15
u35,17,5,0,1,7,13
u36,17,2,0,1,1,8
u37,17,8,0,1,6,10
u38,17,5,0,1,7,10
u39,17,2,0,1,2,6
u40,17,2,1,2,7,60
u41,17,9,1,2,8,53
u42,17,10,1,0,10,55
u43,17,8,1,0,7,44
u44,17,6,1,2,7,47
u45,17,9,1,2,9,48
u46,17,5,0,2,4,48
u47,17,7,1,0,1,48
u48,17,6,0,2,5,38
u49,17,5,1,0,5,35
u50,17,8,1,1,9,32
u51,17,9,1,1,8,30
u52,17,7,1,0,8,26
u53,17,6,1,1,5,24
u54,17,8,0,1,8,24
u55,17,8,0,1,8,27
u56,17,7,1,1,9,27
u57,17,6,1,1,4,24
u58,17,7,1,1,8,22
u59,17,7,0,2,5,29
u60,17,7,0,1,7,23
u61,17,6,0,1,6,21
u62,17,8,0,1,7,22
u63,17,5,0,1,3,22
u64,17,5,0,1,7,21
u65,17,3,0,1,5,22
u66,17,6,0,1,8,24
u67,17,7,0,1,9,25
u68,17,3,0,1,6,21
u69,17,7,0,1,8,29
u70,17,10,0,1,9,22
u71,17,9,0,1,7,21
u72,17,3,1,1,6,22
u73,17,9,1,1,9,23
u74,17,4,1,1,9,16
u75,17,1,1,1,2,23
u76,17,4,0,1,4,23
u77,17,7,1,1,1,19
u78,17,7,1,1,4,17
u79,17,3,1,1,10,16
u80,17,2,1,1,2,18
u81,17,7,1,1,3,18
u82,17,4,1,1,5,17
u83,17,6,0,1,7,20
u84,17,1,0,1,9,20
u85,17,9,0,1,5,18
u86,17,5,0,1,10,21
u87,17,3,0,1,6,19
u88,17,2,0,1,9,23
u89,17,8,0,1,5,19
u90,17,9,0,1,5,20
u91,17,2,1,1,3,23
u92,17,6,0,1,9,20
u93,17,4,0,1,9,18
u94,17,1,0,1,4,21
u95,17,5,0,1,3,21
u96,17,10,0,1,2,22
u97,17,8,1,1,7,21
u98,17,3,1,1,4,23
u99,17,7,1,1,7,22
u100,17,9,1,1,8,23
u1,18,7,1,1,8,23
u2,18,6,0,2,5,58
u3,18,5,1,0,6,84
u4,18,8,1,0,5,47
u5,18,8,1,1,9,16
u6,18,9,1,1,10,16
u7,18,10,1,1,10,16
u8,18,5,1,1,8,15
u9,18,10,0,1,3,15
u10,18,5,0,1,6,16
u11,18,9,0,1,7,16
u12,18,8,0,1,6,16
u13,18,6,0,1,2,16
u14,18,9,0,1,9,16
u15,18,6,1,1,4,17
u16,18,4,1,1,3,15
u17,18,3,1,1,4,15
u18,18,5,1,1,5,15
u19,18,2,1,1,8,15
u20,18,5,1,1,3,16
u21,18,7,1,1,1,16
u22,18,3,0,1,7,15
u23,18,9,0,1,10,15
u24,18,7,0,1,9,16
u25,18,6,0,1,6,11
u26,18,8,0,1,8,16
u27,18,9,0,1,7,20
u28,18,9,1,1,8,18
u29,18,7,0,1,7,20
u30,18,6,0,1,7,20
u31,18,6,0,1,10,20
u32,18,8,0,1,1,18
u33,18,5,1,1,7,18
u34,18,5,1,1,5,15
u35,18,6,0,1,4,13
u36,18,5,0,1,5,8
u37,18,9,0,1,8,10
u38,18,3,0,1,6,10
u39,18,4,0,1,3,6
u40,18,1,1,2,6,60
u41,18,6,1,2,9,53
u42,18,8,1,0,10,55
u43,18,4,1,0,6,44
u44,18,7,1,2,5,47
u45,18,7,1,2,8,48
u46,18,10,0,2,9,48
u47,18,3,1,0,2,48
u48,18,6,0,2,8,38
u49,18,10,1,0,6,35
u50,18,10,1,1,9,32
u51,18,10,1,1,8,30
u52,18,7,1,0,9,26
u53,18,5,1,1,4,24
u54,18,7,0,1,8,24
u55,18,9,0,1,5,27
u56,18,7,1,1,8,27
u57,18,5,1,1,6,24
u58,18,7,1,1,8,22
u59,18,7,0,2,3,29
u60,18,8,0,1,7,23
u61,18,7,0,1,7,21
u62,18,4,0,1,9,22
u63,18,5,0,1,4,22
u64,18,5,0,1,8,21
u65,18,4,0,1,6,22
u66,18,8,0,1,8,24
u67,18,4,0,1,7,25
u68,18,1,0,1,4,21
u69,18,6,0,1,9,29
u70,18,10,0,1,8,22
u71,18,10,0,1,8,21
u72,18,9,1,1,7,22
u73,18,9,1,1,8,23
u74,18,9,1,1,7,16
u75,18,2,1,1,6,23
u76,18,2,0,1,3,23
u77,18,2,1,1,2,19
u78,18,1,1,1,6,17
u79,18,9,1,1,4,16
u80,18,1,1,1,2,18
u81,18,6,1,1,4,18
u82,18,6,1,1,2,17
u83,18,8,0,1,5,20
u84,18,9,0,1,7,20
u85,18,2,0,1,8,18
u86,18,7,0,1,6,21
u87,18,2,0,1,7,19
u88,18,3,0,1,2,23
u89,18,8,0,1,6,19
u90,18,9,0,1,3,20
u91,18,6,1,1,1,23
u92,18,6,0,1,5,20
u93,18,5,0,1,9,18
u94,18,2,0,1,6,21
u95,18,9,0,1,4,21
u96,18,8,0,1,8,22
u97,18,6,1,1,1,21
u98,18,5,1,1,7,23
u99,18,7,1,1,7,22
u100,18,8,1,1,9,23
u1,19,4,1,1,9,23
u2,19,6,0,2,4,58
u3,19,4,1,0,5,84
u4,19,9,1,0,5,47
u5,19,7,1,1,10,16
u6,19,7,1,1,9,16
u7,19,4,1,1,9,16
u8,19,1,1,1,7,15
u9,19,10,0,1,2,15
u10,19,10,0,1,6,16
u11,19,6,0,1,3,16
u12,19,1,0,1,8,16
u13,19,7,0,1,2,16
u14,19,10,0,1,7,16
u15,19,3,1,1,5,17
u16,19,2,1,1,4,15
u17,19,4,1,1,2,15
u18,19,2,1,1,2,15
u19,19,5,1,1,3,15
u20,19,6,1,1,4,16
u21,19,6,1,1,4,16
u22,19,2,0,1,8,15
u23,19,10,0,1,9,15
u24,19,8,0,1,10,16
u25,19,6,0,1,7,11
u26,19,9,0,1,9,16
u27,19,8,0,1,8,20
u28,19,9,1,1,10,18
u29,19,9,0,1,6,20
u30,19,5,0,1,8,20
u31,19,8,0,1,10,20
u32,19,1,0,1,2,18
u33,19,6,1,1,5,18
u34,19,7,1,1,6,15
u35,19,5,0,1,5,13
u36,19,7,0,1,7,8
u37,19,10,0,1,8,10
u38,19,7,0,1,5,10
u39,19,1,0,1,1,6
u40,19,1,1,2,5,60
u41,19,8,1,2,7,53
u42,19,2,1,0,10,55
u43,19,8,1,0,8,44
u44,19,5,1,2,3,47
u45,19,5,1,2,5,48
u46,19,7,0,2,5,48
u47,19,2,1,0,3,48
u48,19,9,0,2,8,38
u49,19,9,1,0,9,35
u50,19,5,1,1,5,32
u51,19,10,1,1,9,30
u52,19,9,1,0,10,26
u53,19,6,1,1,3,24
u54,19,5,0,1,4,24
u55,19,8,0,1,5,27
u56,19,9,1,1,6,27
u57,19,3,1,1,2,24
u58,19,7,1,1,8,22
u59,19,8,0,2,6,29
u60,19,9,0,1,8,23
u61,19,8,0,1,7,21
u62,19,4,0,1,8,22
u63,19,4,0,1,3,22
u64,19,8,0,1,7,21
u65,19,4,0,1,6,22
u66,19,6,0,1,7,24
u67,19,7,0,1,5,25
u68,19,1,0,1,4,21
u69,19,6,0,1,8,29
u70,19,9,0,1,9,22
u71,19,9,0,1,9,21
u72,19,9,1,1,8,22
u73,19,8,1,1,5,23
u74,19,1,1,1,5,16
u75,19,3,1,1,10,23
u76,19,1,0,1,2,23
u77,19,9,1,1,5,19
u78,19,2,1,1,2,17
u79,19,3,1,1,7,16
u80,19,2,1,1,1,18
u81,19,1,1,1,3,18
u82,19,2,1,1,7,17
u83,19,3,0,1,9,20
u84,19,4,0,1,10,20
u85,19,4,0,1,1,18
u86,19,9,0,1,4,21
u87,19,6,0,1,6,19
u88,19,4,0,1,4,23
u89,19,8,0,1,5,19
u90,19,7,0,1,6,20
u91,19,8,1,1,1,23
u92,19,6,0,1,5,20
u93,19,6,0,1,8,18
u94,19,5,0,1,8,21
u95,19,8,0,1,5,21
u96,19,6,0,1,5,22
u97,19,9,1,1,6,21
u98,19,6,1,1,7,23
u99,19,6,1,1,6,22
u100,19,9,1,1,9,23
u1,20,8,1,1,10,23
u2,20,6,0,2,5,58
u3,20,6,1,0,5,84
u4,20,8,1,0,7,47
u5,20,6,1,1,9,16
u6,20,6,1,1,8,16
u7,20,4,1,1,10,16
u8,20,5,1,1,6,15
u9,20,1,0,1,5,15
u10,20,4,0,1,5,16
u11,20,4,0,1,7,16
u12,20,2,0,1,10,16
u13,20,10,0,1,2,16
u14,20,1,0,1,3,16
u15,20,6,1,1,3,17
u16,20,5,1,1,5,15
u17,20,6,1,1,6,15
u18,20,3,1,1,10,15
u19,20,7,1,1,2,15
u20,20,8,1,1,1,16
u21,20,9,1,1,5,16
u22,20,1,0,1,9,15
u23,20,9,0,1,8,15
u24,20,9,0,1,9,16
u25,20,5,0,1,5,11
u26,20,8,0,1,6,16
u27,20,8,0,1,9,20
u28,20,10,1,1,9,18
u29,20,9,0,1,7,20
u30,20,6,0,1,6,20
u31,20,8,0,1,10,20
u32,20,4,0,1,9,18
u33,20,8,1,1,9,18
u34,20,4,1,1,3,15
u35,20,6,0,1,5,13
u36,20,7,0,1,6,8
u37,20,5,0,1,7,10
u38,20,5,0,1,4,10
u39,20,5,0,1,5,6
u40,20,2,1,2,7,60
u41,20,7,1,2,8,53
u42,20,5,1,0,9,55
u43,20,6,1,0,9,44
u44,20,7,1,2,7,47
u45,20,6,1,2,5,48
u46,20,6,0,2,7,48
u47,20,3,1,2,3,48
u48,20,8,0,2,8,38
u49,20,8,1,0,8,35
u50,20,7,1,1,6,32
u51,20,9,1,1,9,30
u52,20,9,1,0,8,26
u53,20,7,1,1,3,24
u54,20,6,0,1,6,24
u55,20,9,0,1,9,27
u56,20,9,1,1,8,27
u57,20,4,1,1,3,24
u58,20,7,1,1,8,22
u59,20,8,0,2,3,29
u60,20,7,0,1,8,23
u61,20,7,0,1,8,21
u62,20,6,0,1,7,22
u63,20,4,0,1,2,22
u64,20,7,0,1,6,21
u65,20,5,0,1,6,22
u66,20,8,0,1,7,24
u67,20,3,0,1,6,25
u68,20,5,0,1,5,21
u69,20,5,0,1,7,29
u70,20,10,0,1,8,22
u71,20,9,0,1,7,21
u72,20,5,1,1,8,22
u73,20,9,1,1,4,23
u74,20,5,1,1,4,16
u75,20,4,1,1,2,23
u76,20,3,0,1,1,23
u77,20,5,1,1,7,19
u78,20,6,1,1,7,17
u79,20,5,1,1,5,16
u80,20,5,1,1,5,18
u81,20,4,1,1,2,18
u82,20,4,1,1,10,17
u83,20,10,0,1,3,20
u84,20,10,0,1,5,20
u85,20,7,0,1,6,18
u86,20,10,0,1,7,21
u87,20,5,0,1,3,19
u88,20,5,0,1,7,23
u89,20,8,0,1,6,19
u90,20,8,0,1,8,20
u91,20,10,1,1,3,23
u92,20,7,0,1,4,20
u93,20,3,0,1,3,18
u94,20,1,0,1,3,21
u95,20,7,0,1,4,21
u96,20,1,0,1,7,22
u97,20,4,1,1,2,21
u98,20,6,1,1,5,23
u99,20,7,1,1,9,22
u100,20,10,1,1,10,23
u1,21,7,1,1,9,23
u2,21,7,0,2,5,58
u3,21,4,1,0,5,84
u4,21,7,1,0,5,47
u5,21,5,1,1,8,16
u6,21,5,1,1,7,16
u7,21,7,1,1,9,16
u8,21,1,1,1,6,15
u9,21,2,0,1,1,15
u10,21,4,0,1,4,16
u11,21,1,0,1,7,16
u12,21,4,0,1,6,16
u13,21,10,0,1,2,16
u14,21,2,0,1,9,16
u15,21,9,1,1,5,17
u16,21,6,1,1,6,15
u17,21,2,1,1,8,15
u18,21,7,1,1,7,15
u19,21,1,1,1,5,15
u20,21,6,1,1,2,16
u21,21,4,1,1,8,16
u22,21,7,0,1,10,15
u23,21,8,0,1,7,15
u24,21,10,0,1,8,16
u25,21,5,0,1,5,11
u26,21,7,0,1,7,16
u27,21,9,0,1,9,20
u28,21,10,1,1,8,18
u29,21,10,0,1,7,20
u30,21,7,0,1,10,20
u31,21,7,0,1,9,20
u32,21,3,0,1,9,18
u33,21,9,1,1,9,18
u34,21,8,1,1,7,15
u35,21,6,0,1,6,13
u36,21,5,0,1,4,8
u37,21,8,0,1,8,10
u38,21,8,0,1,5,10
u39,21,4,0,1,4,6
u40,21,3,1,2,8,60
u41,21,9,1,2,9,53
u42,21,7,1,0,8,55
u43,21,5,1,0,7,44
u44,21,4,1,2,5,47
u45,21,8,1,2,6,48
u46,21,8,0,2,9,48
u47,21,2,1,0,2,48
u48,21,5,0,2,7,38
u49,21,7,1,0,7,35
u50,21,8,1,1,5,32
u51,21,8,1,1,8,30
u52,21,2,1,0,5,26
u53,21,7,1,1,5,24
u54,21,2,0,1,5,24
u55,21,8,0,1,8,27
u56,21,10,1,1,9,27
u57,21,8,1,1,4,24
u58,21,8,1,1,8,22
u59,21,8,0,2,1,29
u60,21,8,0,1,7,23
u61,21,8,0,1,8,21
u62,21,7,0,1,4,22
u63,21,5,0,1,4,22
u64,21,7,0,1,5,21
u65,21,5,0,1,1,22
u66,21,9,0,1,8,24
u67,21,5,0,1,7,25
u68,21,6,0,1,7,21
u69,21,7,0,1,7,29
u70,21,10,0,1,10,22
u71,21,8,0,1,8,21
u72,21,8,1,1,9,22
u73,21,10,1,1,5,23
u74,21,10,1,1,2,16
u75,21,5,1,1,3,23
u76,21,5,0,1,10,23
u77,21,10,1,1,4,19
u78,21,5,1,1,2,17
u79,21,6,1,1,8,16
u80,21,1,1,1,2,18
u81,21,3,1,1,4,18
u82,21,1,1,1,4,17
u83,21,7,0,1,6,20
u84,21,6,0,1,3,20
u85,21,1,0,1,2,18
u86,21,9,0,1,9,21
u87,21,3,0,1,5,19
u88,21,6,0,1,9,23
u89,21,6,0,1,5,19
u90,21,6,0,1,9,20
u91,21,5,1,1,3,23
u92,21,10,0,1,5,20
u93,21,2,0,1,5,18
u94,21,7,0,1,4,21
u95,21,6,0,1,6,21
u96,21,2,0,1,10,22
u97,21,7,1,1,5,21
u98,21,6,1,1,6,23
u99,21,5,1,1,5,22
u100,21,8,1,1,9,23
u1,22,9,1,1,9,23
u2,22,8,0,2,6,58
u3,22,5,1,0,5,84
u4,22,8,1,0,8,47
u5,22,4,1,1,7,16
u6,22,4,1,1,6,16
u7,22,5,1,1,10,16
u8,22,10,1,1,6,15
u9,22,3,0,1,5,15
u10,22,4,0,1,4,16
u11,22,10,0,1,7,16
u12,22,3,0,1,8,16
u13,22,8,0,1,3,16
u14,22,1,0,1,2,16
u15,22,1,1,1,6,17
u16,22,1,1,1,7,15
u17,22,5,1,1,10,15
u18,22,9,1,1,5,15
u19,22,6,1,1,6,15
u20,22,3,1,1,3,16
u21,22,8,1,1,1,16
u22,22,5,0,1,1,15
u23,22,7,0,1,6,15
u24,22,9,0,1,7,16
u25,22,7,0,1,4,11
u26,22,8,0,1,8,16
u27,22,9,0,1,8,20
u28,22,8,1,1,9,18
u29,22,10,0,1,8,20
u30,22,4,0,1,9,20
u31,22,9,0,1,9,20
u32,22,5,0,1,9,18
u33,22,10,1,1,8,18
u34,22,8,1,1,8,15
u35,22,7,0,1,5,13
u36,22,4,0,1,3,8
u37,22,5,0,1,5,10
u38,22,9,0,1,6,10
u39,22,7,0,1,7,6
u40,22,5,1,2,9,60
u41,22,7,1,2,10,53
u42,22,3,1,0,7,55
u43,22,4,1,0,8,44
u44,22,6,1,2,3,47
u45,22,4,1,2,7,48
u46,22,6,0,2,5,48
u47,22,3,1,0,3,48
u48,22,4,0,2,6,38
u49,22,10,1,0,8,35
u50,22,6,1,1,9,32
u51,22,6,1,1,7,30
u52,22,2,1,0,2,26
u53,22,8,1,1,6,24
u54,22,3,0,1,5,24
u55,22,6,0,1,6,27
u56,22,10,1,1,7,27
u57,22,3,1,1,3,24
u58,22,7,1,1,8,22
u59,22,7,0,2,9,29
u60,22,10,0,1,9,23
u61,22,8,0,1,9,21
u62,22,6,0,1,7,22
u63,22,10,0,1,10,22
u64,22,10,0,1,9,21
u65,22,6,0,1,5,22
u66,22,9,0,1,9,24
u67,22,7,0,1,8,25
u68,22,6,0,1,6,21
u69,22,9,0,1,8,29
u70,22,9,0,1,10,22
u71,22,9,0,1,9,21
u72,22,10,1,1,7,22
u73,22,8,1,1,6,23
u74,22,5,1,1,5,16
u75,22,6,1,1,6,23
u76,22,6,0,1,9,23
u77,22,6,1,1,10,19
u78,22,10,1,1,4,17
u79,22,8,1,1,6,16
u80,22,6,1,1,5,18
u81,22,4,1,1,5,18
u82,22,4,1,1,7,17
u83,22,1,0,1,5,20
u84,22,1,0,1,1,20
u85,22,5,0,1,7,18
u86,22,7,0,1,10,21
u87,22,3,0,1,6,19
u88,22,7,0,1,8,23
u89,22,5,0,1,5,19
u90,22,9,0,1,3,20
u91,22,4,1,1,10,23
u92,22,3,0,1,8,20
u93,22,1,0,1,7,18
u94,22,5,0,1,6,21
u95,22,5,0,1,7,21
u96,22,6,0,1,2,22
u97,22,6,1,1,8,21
u98,22,7,1,1,7,23
u99,22,5,1,1,4,22
u100,22,8,1,1,8,23
u1,23,9,1,1,7,23
u2,23,6,0,2,7,58
u3,23,4,1,0,4,84
u4,23,7,1,0,7,47
u5,23,3,1,1,6,16
u6,23,3,1,1,5,16
u7,23,6,1,1,9,16
u8,23,10,1,1,7,15
u9,23,4,0,1,1,15
u10,23,4,0,1,3,16
u11,23,2,0,1,6,16
u12,23,4,0,1,4,16
u13,23,9,0,1,4,16
u14,23,2,0,1,3,16
u15,23,7,1,1,8,17
u16,23,3,1,1,8,15
u17,23,3,1,1,9,15
u18,23,8,1,1,9,15
u19,23,3,1,1,8,15
u20,23,10,1,1,4,16
u21,23,1,1,1,2,16
u22,23,3,0,1,2,15
u23,23,3,0,1,1,15
u24,23,8,0,1,6,16
u25,23,5,0,1,4,11
u26,23,6,0,1,5,16
u27,23,10,0,1,10,20
u28,23,9,1,1,9,18
u29,23,9,0,1,8,20
u30,23,6,0,1,8,20
u31,23,7,0,1,7,20
u32,23,8,0,1,10,18
u33,23,6,1,1,6,18
u34,23,6,1,1,5,15
u35,23,6,0,1,6,13
u36,23,5,0,1,5,8
u37,23,4,0,1,4,10
u38,23,4,0,1,7,10
u39,23,4,0,1,5,6
u40,23,7,1,2,10,60
u41,23,6,1,2,8,53
u42,23,6,1,0,6,55
u43,23,7,1,0,9,44
u44,23,5,1,2,6,47
u45,23,7,1,2,8,48
u46,23,6,0,2,10,48
u47,23,1,1,0,4,48
u48,23,3,0,2,5,38
u49,23,9,1,0,10,35
u50,23,5,1,1,7,32
u51,23,7,1,1,8,30
u52,23,2,1,0,3,26
u53,23,8,1,1,9,24
u54,23,6,0,1,10,24
u55,23,3,0,1,3,27
u56,23,9,1,1,5,27
u57,23,4,1,1,5,24
u58,23,8,1,1,9,22
u59,23,8,0,2,6,29
u60,23,7,0,1,7,23
u61,23,7,0,1,7,21
u62,23,7,0,1,8,22
u63,23,8,0,1,8,22
u64,23,8,0,1,8,21
u65,23,6,0,1,5,22
u66,23,8,0,1,7,24
u67,23,6,0,1,6,25
u68,23,2,0,1,5,21
u69,23,7,0,1,6,29
u70,23,8,0,1,8,22
u71,23,8,0,1,8,21
u72,23,9,1,1,6,22
u73,23,7,1,1,7,23
u74,23,4,1,1,1,16
u75,23,1,1,1,9,23
u76,23,4,0,1,8,23
u77,23,3,1,1,6,19
u78,23,3,1,1,10,17
u79,23,6,1,1,4,16
u80,23,1,1,1,2,18
u81,23,2,1,1,4,18
u82,23,7,1,1,1,17
u83,23,4,0,1,2,20
u84,23,4,0,1,2,20
u85,23,8,0,1,9,18
u86,23,5,0,1,8,21
u87,23,5,0,1,5,19
u88,23,6,0,1,6,23
u89,23,4,0,1,7,19
u90,23,4,0,1,4,20
u91,23,3,1,1,1,23
u92,23,2,0,1,8,20
u93,23,5,0,1,4,18
u94,23,9,0,1,2,21
u95,23,4,0,1,6,21
u96,23,10,0,1,5,22
u97,23,1,1,1,3,21
u98,23,3,1,1,7,23
u99,23,9,1,1,5,22
u100,23,7,1,1,8,23
u1,24,8,1,1,8,23
u2,24,6,0,2,4,58
u3,24,6,1,0,4,84
u4,24,6,1,0,6,47
u5,24,2,1,1,5,16
u6,24,2,1,1,4,16
u7,24,7,1,1,10,16
u8,24,7,1,1,7,15
u9,24,5,0,1,10,15
u10,24,1,0,1,3,16
u11,24,4,0,1,6,16
u12,24,5,0,1,3,16
u13,24,6,0,1,5,16
u14,24,3,0,1,3,16
u15,24,5,1,1,1,17
u16,24,2,1,1,9,15
u17,24,8,1,1,8,15
u18,24,1,1,1,8,15
u19,24,7,1,1,10,15
u20,24,1,1,1,5,16
u21,24,7,1,1,3,16
u22,24,5,0,1,3,15
u23,24,4,0,1,2,15
u24,24,5,0,1,1,16
u25,24,7,0,1,6,11
u26,24,7,0,1,6,16
u27,24,10,0,1,7,20
u28,24,10,1,1,10,18
u29,24,9,0,1,9,20
u30,24,6,0,1,7,20
u31,24,4,0,1,7,20
u32,24,8,0,1,7,18
u33,24,10,1,1,8,18
u34,24,9,1,1,7,15
u35,24,8,0,1,7,13
u36,24,1,0,1,1,8
u37,24,4,0,1,6,10
u38,24,2,0,1,6,10
u39,24,7,0,1,6,6
u40,24,4,1,2,9,60
u41,24,10,1,2,9,53
u42,24,1,1,0,5,55
u43,24,10,1,0,7,44
u44,24,7,1,2,9,47
u45,24,8,1,2,9,48
u46,24,10,0,2,7,48
u47,24,5,1,0,5,48
u48,24,5,0,2,4,38
u49,24,10,1,0,7,35
u50,24,9,1,1,3,32
u51,24,7,1,1,9,30
u52,24,4,1,0,7,26
u53,24,9,1,1,9,24
u54,24,8,0,1,9,24
u55,24,1,0,1,3,27
u56,24,7,1,1,5,27
u57,24,6,1,1,4,24
u58,24,8,1,1,8,22
u59,24,8,0,2,3,29
u60,24,8,0,1,8,23
u61,24,6,0,1,7,21
u62,24,6,0,1,9,22
u63,24,8,0,1,8,22
u64,24,7,0,1,7,21
u65,24,6,0,1,7,22
u66,24,8,0,1,6,24
u67,24,4,0,1,5,25
u68,24,8,0,1,4,21
u69,24,6,0,1,6,29
u70,24,8,0,1,9,22
u71,24,10,0,1,9,21
u72,24,5,1,1,6,22
u73,24,7,1,1,7,23
u74,24,3,1,1,4,16
u75,24,2,1,1,1,23
u76,24,8,0,1,7,23
u77,24,4,1,1,1,19
u78,24,9,1,1,8,17
u79,24,9,1,1,1,16
u80,24,2,1,1,7,18
u81,24,3,1,1,2,18
u82,24,9,1,1,5,17
u83,24,7,0,1,9,20
u84,24,7,0,1,3,20
u85,24,8,0,1,6,18
u86,24,4,0,1,10,21
u87,24,2,0,1,4,19
u88,24,6,0,1,4,23
u89,24,3,0,1,8,19
u90,24,5,0,1,5,20
u91,24,1,1,1,4,23
u92,24,1,0,1,10,20
u93,24,6,0,1,8,18
u94,24,4,0,1,8,21
u95,24,3,0,1,6,21
u96,24,7,0,1,8,22
u97,24,5,1,1,6,21
u98,24,5,1,1,7,23
u99,24,7,1,1,5,22
u100,24,8,1,1,7,23
u1,25,10,1,1,7,23
u2,25,3,0,2,5,58
u3,25,6,1,0,5,84
u4,25,9,1,0,5,47
u5,25,1,1,1,4,16
u6,25,1,1,1,3,16
u7,25,8,1,1,9,16
u8,25,5,1,1,8,15
u9,25,6,0,1,10,15
u10,25,5,0,1,3,16
u11,25,4,0,1,4,16
u12,25,4,0,1,2,16
u13,25,4,0,1,6,16
u14,25,7,0,1,9,16
u15,25,8,1,1,5,17
u16,25,4,1,1,10,15
u17,25,4,1,1,5,15
u18,25,8,1,1,4,15
u19,25,9,1,1,1,15
u20,25,2,1,1,6,16
u21,25,6,1,1,5,16
u22,25,1,0,1,4,15
u23,25,2,0,1,3,15
u24,25,6,0,1,2,16
u25,25,8,0,1,10,11
u26,25,8,0,1,7,16
u27,25,9,0,1,6,20
u28,25,8,1,1,8,18
u29,25,10,0,1,10,20
u30,25,7,0,1,8,20
u31,25,4,0,1,9,20
u32,25,9,0,1,5,18
u33,25,10,1,1,9,18
u34,25,7,1,1,8,15
u35,25,8,0,1,8,13
u36,25,6,0,1,5,8
u37,25,3,0,1,3,10
u38,25,6,0,1,8,10
u39,25,8,0,1,8,6
u40,25,8,1,2,7,60
u41,25,9,1,2,8,53
u42,25,4,1,0,4,55
u43,25,6,1,0,6,44
u44,25,4,1,2,8,47
u45,25,6,1,2,6,48
u46,25,8,0,2,5,48
u47,25,2,1,0,6,48
u48,25,3,0,2,3,38
u49,25,7,1,0,10,35
u50,25,6,1,1,9,32
u51,25,10,1,1,9,30
u52,25,5,1,0,6,26
u53,25,9,1,1,9,24
u54,25,7,0,1,7,24
u55,25,2,0,1,5,27
u56,25,5,1,1,3,27
u57,25,8,1,1,5,24
u58,25,7,1,1,8,22
u59,25,8,0,2,5,29
u60,25,7,0,1,7,23
u61,25,6,0,1,6,21
u62,25,5,0,1,7,22
u63,25,7,0,1,7,22
u64,25,7,0,1,7,21
u65,25,5,0,1,5,22
u66,25,7,0,1,6,24
u67,25,5,0,1,7,25
u68,25,6,0,1,4,21
u69,25,7,0,1,7,29
u70,25,10,0,1,7,22
u71,25,8,0,1,8,21
u72,25,8,1,1,6,22
u73,25,4,1,1,4,23
u74,25,8,1,1,6,16
u75,25,3,1,1,5,23
u76,25,10,0,1,6,23
u77,25,7,1,1,2,19
u78,25,7,1,1,1,17
u79,25,10,1,1,10,16
u80,25,4,1,1,3,18
u81,25,1,1,1,7,18
u82,25,5,1,1,8,17
u83,25,9,0,1,6,20
u84,25,9,0,1,5,20
u85,25,10,0,1,4,18
u86,25,3,0,1,5,21
u87,25,3,0,1,5,19
u88,25,6,0,1,2,23
u89,25,2,0,1,9,19
u90,25,9,0,1,7,20
u91,25,2,1,1,2,23
u92,25,4,0,1,1,20
u93,25,7,0,1,5,18
u94,25,5,0,1,7,21
u95,25,2,0,1,8,21
u96,25,3,0,1,6,22
u97,25,8,1,1,8,21
u98,25,4,1,1,7,23
u99,25,7,1,1,6,22
u100,25,9,1,1,8,23
u1,26,5,1,1,8,23
u2,26,6,0,2,5,58
u3,26,5,1,0,3,84
u4,26,9,1,0,7,47
u5,26,2,1,1,3,16
u6,26,2,1,1,2,16
u7,26,8,1,1,10,16
u8,26,8,1,1,6,15
u9,26,7,0,1,7,15
u10,26,1,0,1,3,16
u11,26,4,0,1,10,16
u12,26,6,0,1,5,16
u13,26,10,0,1,7,16
u14,26,4,0,1,2,16
u15,26,10,1,1,8,17
u16,26,1,1,1,9,15
u17,26,7,1,1,2,15
u18,26,4,1,1,1,15
u19,26,4,1,1,3,15
u20,26,4,1,1,7,16
u21,26,6,1,1,7,16
u22,26,8,0,1,5,15
u23,26,5,0,1,4,15
u24,26,7,0,1,3,16
u25,26,7,0,1,8,11
u26,26,8,0,1,7,16
u27,26,8,0,1,9,20
u28,26,9,1,1,8,18
u29,26,9,0,1,10,20
u30,26,6,0,1,9,20
u31,26,7,0,1,9,20
u32,26,6,0,1,3,18
u33,26,4,1,1,6,18
u34,26,8,1,1,7,15
u35,26,8,0,1,6,13
u36,26,1,0,1,2,8
u37,26,2,0,1,3,10
u38,26,4,0,1,6,10
u39,26,10,0,1,9,6
u40,26,9,1,2,10,60
u41,26,8,1,2,9,53
u42,26,10,1,0,2,55
u43,26,5,1,0,7,44
u44,26,6,1,2,10,47
u45,26,7,1,2,3,48
u46,26,6,0,2,5,48
u47,26,6,1,0,7,48
u48,26,6,0,2,2,38
u49,26,9,1,0,6,35
u50,26,4,1,1,5,32
u51,26,6,1,1,8,30
u52,26,5,1,0,8,26
u53,26,7,1,1,9,24
u54,26,9,0,1,8,24
u55,26,5,0,1,5,27
u56,26,3,1,1,2,27
u57,26,9,1,1,6,24
u58,26,8,1,1,4,22
u59,26,8,0,2,9,29
u60,26,5,0,1,4,23
u61,26,4,0,1,4,21
u62,26,4,0,1,6,22
u63,26,6,0,1,6,22
u64,26,5,0,1,5,21
u65,26,3,0,1,2,22
u66,26,3,0,1,5,24
u67,26,3,0,1,6,25
u68,26,4,0,1,8,21
u69,26,8,0,1,6,29
u70,26,7,0,1,10,22
u71,26,8,0,1,8,21
u72,26,5,1,1,7,22
u73,26,8,1,1,7,23
u74,26,6,1,1,2,16
u75,26,4,1,1,2,23
u76,26,7,0,1,5,23
u77,26,1,1,1,6,19
u78,26,3,1,1,4,17
u79,26,1,1,1,6,16
u80,26,1,1,1,1,18
u81,26,2,1,1,6,18
u82,26,8,1,1,2,17
u83,26,3,0,1,3,20
u84,26,10,0,1,7,20
u85,26,2,0,1,7,18
u86,26,6,0,1,3,21
u87,26,4,0,1,6,19
u88,26,7,0,1,1,23
u89,26,1,0,1,10,19
u90,26,2,0,1,3,20
u91,26,6,1,1,3,23
u92,26,1,0,1,4,20
u93,26,8,0,1,6,18
u94,26,7,0,1,6,21
u95,26,3,0,1,9,21
u96,26,6,0,1,4,22
u97,26,5,1,1,5,21
u98,26,4,1,1,7,23
u99,26,8,1,1,5,22
u100,26,7,1,1,7,23
u1,27,9,1,1,9,23
u2,27,6,0,2,6,58
u3,27,5,1,0,4,84
u4,27,9,1,0,4,47
u5,27,3,1,1,2,16
u6,27,3,1,1,1,16
u7,27,9,1,1,9,16
u8,27,4,1,1,5,15
u9,27,8,0,1,5,15
u10,27,7,0,1,3,16
u11,27,4,0,1,7,16
u12,27,3,0,1,7,16
u13,27,2,0,1,8,16
u14,27,2,0,1,5,16
u15,27,2,1,1,1,17
u16,27,6,1,1,8,15
u17,27,6,1,1,4,15
u18,27,10,1,1,2,15
u19,27,2,1,1,9,15
u20,27,5,1,1,8,16
u21,27,2,1,1,3,16
u22,27,2,0,1,6,15
u23,27,6,0,1,5,15
u24,27,5,0,1,4,16
u25,27,4,0,1,5,11
u26,27,7,0,1,8,16
u27,27,9,0,1,9,20
u28,27,9,1,1,9,18
u29,27,9,0,1,9,20
u30,27,7,0,1,8,20
u31,27,7,0,1,8,20
u32,27,4,0,1,5,18
u33,27,10,1,1,10,18
u34,27,6,1,1,6,15
u35,27,7,0,1,6,13
u36,27,2,0,1,2,8
u37,27,6,0,1,5,10
u38,27,2,0,1,8,10
u39,27,7,0,1,8,6
u40,27,2,1,2,10,60
u41,27,10,1,2,10,53
u42,27,2,1,0,2,55
u43,27,5,1,0,6,44
u44,27,3,1,2,2,47
u45,27,4,1,2,8,48
u46,27,1,0,2,1,48
u47,27,7,1,0,2,48
u48,27,6,0,2,8,38
u49,27,9,1,0,9,35
u50,27,3,1,1,7,32
u51,27,6,1,1,9,30
u52,27,6,1,0,7,26
u53,27,6,1,1,5,24
u54,27,7,0,1,8,24
u55,27,3,0,1,5,27
u56,27,3,1,1,2,27
u57,27,10,1,1,10,24
u58,27,8,1,1,9,22
u59,27,8,0,2,7,29
u60,27,6,0,1,6,23
u61,27,4,0,1,3,21
u62,27,5,0,1,7,22
u63,27,6,0,1,5,22
u64,27,6,0,1,4,21
u65,27,3,0,1,2,22
u66,27,5,0,1,2,24
u67,27,4,0,1,7,25
u68,27,2,0,1,8,21
u69,27,9,0,1,7,29
u70,27,9,0,1,10,22
u71,27,9,0,1,9,21
u72,27,7,1,1,7,22
u73,27,9,1,1,8,23
u74,27,5,1,1,1,16
u75,27,5,1,1,5,23
u76,27,5,0,1,4,23
u77,27,1,1,1,10,19
u78,27,2,1,1,2,17
u79,27,2,1,1,4,16
u80,27,6,1,1,2,18
u81,27,6,1,1,5,18
u82,27,1,1,1,1,17
u83,27,6,0,1,5,20
u84,27,7,0,1,9,20
u85,27,6,0,1,3,18
u86,27,2,0,1,5,21
u87,27,3,0,1,5,19
u88,27,7,0,1,1,23
u89,27,1,0,1,9,19
u90,27,6,0,1,9,20
u91,27,9,1,1,6,23
u92,27,1,0,1,7,20
u93,27,9,0,1,7,18
u94,27,10,0,1,5,21
u95,27,4,0,1,7,21
u96,27,9,0,1,9,22
u97,27,9,1,1,2,21
u98,27,5,1,1,6,23
u99,27,8,1,1,7,22
u100,27,7,1,1,7,23
u1,28,4,1,1,9,23
u2,28,7,0,2,5,58
u3,28,7,1,0,5,84
u4,28,6,1,0,7,47
u5,28,4,1,1,1,16
u6,28,4,1,1,2,16
u7,28,10,1,1,10,16
u8,28,1,1,1,5,15
u9,28,9,0,1,8,15
u10,28,8,0,1,4,16
u11,28,4,0,1,4,16
u12,28,2,0,1,6,16
u13,28,3,0,1,9,16
u14,28,1,0,1,3,16
u15,28,3,1,1,9,17
u16,28,2,1,1,7,15
u17,28,10,1,1,1,15
u18,28,8,1,1,4,15
u19,28,1,1,1,6,15
u20,28,6,1,1,9,16
u21,28,4,1,1,1,16
u22,28,4,0,1,7,15
u23,28,7,0,1,6,15
u24,28,7,0,1,5,16
u25,28,5,0,1,5,11
u26,28,8,0,1,7,16
u27,28,9,0,1,8,20
u28,28,9,1,1,8,18
u29,28,10,0,1,8,20
u30,28,6,0,1,9,20
u31,28,8,0,1,8,20
u32,28,5,0,1,4,18
u33,28,6,1,1,8,18
u34,28,8,1,1,8,15
u35,28,8,0,1,7,13
u36,28,3,0,1,2,8
u37,28,6,0,1,8,10
u38,28,4,0,1,5,10
u39,28,7,0,1,5,6
u40,28,3,1,2,2,60
u41,28,8,1,2,8,53
u42,28,5,1,0,1,55
u43,28,4,1,0,7,44
u44,28,1,1,2,2,47
u45,28,8,1,2,5,48
u46,28,1,0,2,1,48
u47,28,8,1,0,1,48
u48,28,6,0,2,3,38
u49,28,8,1,0,6,35
u50,28,6,1,1,5,32
u51,28,8,1,1,10,30
u52,28,6,1,0,8,26
u53,28,7,1,1,6,24
u54,28,8,0,1,9,24
u55,28,7,0,1,8,27
u56,28,2,1,1,2,27
u57,28,10,1,1,10,24
u58,28,8,1,1,8,22
u59,28,8,0,2,4,29
u60,28,7,0,1,5,23
u61,28,5,0,1,4,21
u62,28,2,0,1,1,22
u63,28,5,0,1,8,22
u64,28,6,0,1,5,21
u65,28,5,0,1,2,22
u66,28,3,0,1,2,24
u67,28,5,0,1,6,25
u68,28,4,0,1,8,21
u69,28,7,0,1,5,29
u70,28,10,0,1,10,22
u71,28,9,0,1,7,21
u72,28,6,1,1,8,22
u73,28,9,1,1,9,23
u74,28,10,1,1,3,16
u75,28,6,1,1,3,23
u76,28,2,0,1,3,23
u77,28,3,1,1,3,19
u78,28,5,1,1,7,17
u79,28,3,1,1,5,16
u80,28,9,1,1,6,18
u81,28,7,1,1,7,18
u82,28,3,1,1,4,17
u83,28,2,0,1,2,20
u84,28,6,0,1,10,20
u85,28,1,0,1,5,18
u86,28,4,0,1,6,21
u87,28,5,0,1,3,19
u88,28,8,0,1,2,23
u89,28,2,0,1,8,19
u90,28,8,0,1,6,20
u91,28,8,1,1,5,23
u92,28,2,0,1,8,20
u93,28,5,0,1,4,18
u94,28,8,0,1,8,21
u95,28,5,0,1,6,21
u96,28,5,0,1,7,22
u97,28,6,1,1,7,21
u98,28,5,1,1,4,23
u99,28,6,1,1,9,22
u100,28,9,1,1,8,23
u1,29,6,1,1,8,23
u2,29,7,0,2,4,58
u3,29,6,1,0,5,84
u4,29,7,1,0,8,47
u5,29,5,1,1,3,16
u6,29,5,1,1,3,16
u7,29,10,1,1,9,16
u8,29,3,1,1,4,15
u9,29,10,0,1,4,15
u10,29,9,0,1,5,16
u11,29,4,0,1,1,16
u12,29,7,0,1,4,16
u13,29,6,0,1,10,16
u14,29,2,0,1,1,16
u15,29,7,1,1,2,17
u16,29,5,1,1,6,15
u17,29,8,1,1,7,15
u18,29,2,1,1,7,15
u19,29,3,1,1,4,15
u20,29,7,1,1,10,16
u21,29,1,1,1,3,16
u22,29,6,0,1,8,15
u23,29,8,0,1,7,15
u24,29,4,0,1,6,16
u25,29,8,0,1,6,11
u26,29,7,0,1,9,16
u27,29,8,0,1,9,20
u28,29,10,1,1,9,18
u29,29,8,0,1,8,20
u30,29,5,0,1,9,20
u31,29,9,0,1,9,20
u32,29,4,0,1,6,18
u33,29,9,1,1,6,18
u34,29,7,1,1,5,15
u35,29,7,0,1,7,13
u36,29,4,0,1,4,8
u37,29,1,0,1,3,10
u38,29,7,0,1,6,10
u39,29,6,0,1,2,6
u40,29,4,1,2,4,60
u41,29,7,1,2,9,53
u42,29,8,1,0,2,55
u43,29,7,1,0,9,44
u44,29,7,1,2,5,47
u45,29,7,1,2,7,48
u46,29,4,0,2,10,48
u47,29,9,1,0,1,48
u48,29,8,0,2,8,38
u49,29,10,1,0,5,35
u50,29,9,1,1,10,32
u51,29,10,1,1,10,30
u52,29,7,1,0,4,26
u53,29,6,1,1,6,24
u54,29,5,0,1,8,24
u55,29,5,0,1,5,27
u56,29,5,1,1,3,27
u57,29,1,1,1,2,24
u58,29,7,1,1,2,22
u59,29,8,0,2,6,29
u60,29,8,0,1,7,23
u61,29,6,0,1,5,21
u62,29,3,0,1,4,22
u63,29,6,0,1,7,22
u64,29,7,0,1,4,21
u65,29,4,0,1,2,22
u66,29,3,0,1,6,24
u67,29,3,0,1,7,25
u68,29,4,0,1,3,21
u69,29,8,0,1,8,29
u70,29,6,0,1,6,22
u71,29,10,0,1,8,21
u72,29,7,1,1,8,22
u73,29,6,1,1,9,23
u74,29,7,1,1,7,16
u75,29,4,1,1,10,23
u76,29,4,0,1,2,23
u77,29,6,1,1,1,19
u78,29,9,1,1,9,17
u79,29,4,1,1,4,16
u80,29,1,1,1,1,18
u81,29,6,1,1,8,18
u82,29,5,1,1,9,17
u83,29,2,0,1,7,20
u84,29,5,0,1,6,20
u85,29,5,0,1,6,18
u86,29,7,0,1,9,21
u87,29,7,0,1,2,19
u88,29,7,0,1,2,23
u89,29,2,0,1,7,19
u90,29,7,0,1,1,20
u91,29,5,1,1,10,23
u92,29,6,0,1,7,20
u93,29,4,0,1,6,18
u94,29,5,0,1,6,21
u95,29,6,0,1,5,21
u96,29,1,0,1,3,22
u97,29,3,1,1,5,21
u98,29,4,1,1,2,23
u99,29,10,1,1,5,22
u100,29,8,1,1,8,23
u1,30,7,1,1,7,23
u2,30,6,0,2,6,58
u3,30,5,1,0,6,84
u4,30,8,1,0,6,47
u5,30,6,1,1,4,16
u6,30,6,1,1,4,16
u7,30,4,1,1,10,16
u8,30,7,1,1,4,15
u9,30,1,0,1,1,15
u10,30,10,0,1,7,16
u11,30,4,0,1,8,16
u12,30,7,0,1,5,16
u13,30,1,0,1,8,16
u14,30,1,0,1,3,16
u15,30,2,1,1,7,17
u16,30,7,1,1,5,15
u17,30,2,1,1,9,15
u18,30,1,1,1,1,15
u19,30,8,1,1,10,15
u20,30,8,1,1,2,16
u21,30,10,1,1,9,16
u22,30,4,0,1,9,15
u23,30,9,0,1,8,15
u24,30,5,0,1,7,16
u25,30,4,0,1,5,11
u26,30,8,0,1,8,16
u27,30,10,0,1,9,20
u28,30,7,1,1,8,18
u29,30,9,0,1,8,20
u30,30,8,0,1,5,20
u31,30,9,0,1,8,20
u32,30,4,0,1,5,18
u33,30,7,1,1,5,18
u34,30,8,1,1,6,15
u35,30,8,0,1,6,13
u36,30,5,0,1,6,8
u37,30,3,0,1,5,10
u38,30,4,0,1,7,10
u39,30,5,0,1,6,6
u40,30,9,1,2,2,60
u41,30,9,1,2,8,53
u42,30,3,1,0,3,55
u43,30,9,1,0,10,44
u44,30,5,1,2,8,47
u45,30,6,1,2,4,48
u46,30,6,0,2,7,48
u47,30,10,1,0,3,48
u48,30,7,0,2,7,38
u49,30,6,1,0,5,35
u50,30,10,1,1,3,32
u51,30,9,1,1,8,30
u52,30,8,1,0,7,26
u53,30,6,1,1,6,24
u54,30,7,0,1,7,24
u55,30,8,0,1,5,27
u56,30,7,1,1,3,27
u57,30,2,1,1,5,24
u58,30,8,1,1,8,22
u59,30,8,0,2,6,29
u60,30,7,0,1,5,23
u61,30,6,0,1,3,21
u62,30,1,0,1,5,22
u63,30,3,0,1,6,22
u64,30,6,0,1,4,21
u65,30,3,0,1,1,22
u66,30,3,0,1,3,24
u67,30,4,0,1,8,25
u68,30,3,0,1,8,21
u69,30,7,0,1,9,29
u70,30,8,0,1,10,22
u71,30,7,0,1,8,21
u72,30,4,1,1,8,22
u73,30,8,1,1,8,23
u74,30,8,1,1,6,16
u75,30,8,1,1,7,23
u76,30,1,0,1,1,23
u77,30,8,1,1,1,19
u78,30,6,1,1,6,17
u79,30,5,1,1,8,16
u80,30,3,1,1,8,18
u81,30,5,1,1,6,18
u82,30,2,1,1,6,17
u83,30,7,0,1,5,20
u84,30,1,0,1,9,20
u85,30,3,0,1,2,18
u86,30,9,0,1,10,21
u87,30,8,0,1,1,19
u88,30,6,0,1,3,23
u89,30,2,0,1,6,19
u90,30,5,0,1,6,20
u91,30,1,1,1,8,23
u92,30,7,0,1,6,20
u93,30,3,0,1,8,18
u94,30,3,0,1,7,21
u95,30,7,0,1,7,21
u96,30,6,0,1,7,22
u97,30,7,1,1,10,21
u98,30,4,1,1,3,23
u99,30,7,1,1,8,22
u100,30,7,1,1,7,23
u1,31,5,1,1,8,23
u2,31,4,0,2,5,58
u3,31,6,1,0,6,84
u4,31,8,1,0,9,47
u5,31,7,1,1,5,16
u6,31,7,1,1,5,16
u7,31,4,1,1,9,16
u8,31,5,1,1,4,15
u9,31,2,0,1,3,15
u10,31,10,0,1,8,16
u11,31,6,0,1,3,16
u12,31,5,0,1,7,16
u13,31,1,0,1,7,16
u14,31,1,0,1,1,16
u15,31,3,1,1,9,17
u16,31,8,1,1,4,15
u17,31,5,1,1,3,15
u18,31,3,1,1,7,15
u19,31,9,1,1,1,15
u20,31,9,1,1,4,16
u21,31,3,1,1,8,16
u22,31,6,0,1,10,15
u23,31,10,0,1,9,15
u24,31,6,0,1,8,16
u25,31,4,0,1,5,11
u26,31,7,0,1,7,16
u27,31,10,0,1,8,20
u28,31,9,1,1,10,18
u29,31,10,0,1,9,20
u30,31,7,0,1,2,20
u31,31,10,0,1,7,20
u32,31,6,0,1,5,18
u33,31,9,1,1,6,18
u34,31,7,1,1,6,15
u35,31,7,0,1,5,13
u36,31,8,0,1,7,8
u37,31,2,0,1,1,10
u38,31,5,0,1,8,10
u39,31,4,0,1,5,6
u40,31,1,1,2,10,60
u41,31,10,1,2,10,53
u42,31,6,1,0,4,55
u43,31,6,1,0,9,44
u44,31,6,1,2,7,47
u45,31,5,1,2,5,48
u46,31,5,0,2,5,48
u47,31,3,1,0,5,48
u48,31,3,0,2,2,38
u49,31,5,1,0,6,35
u50,31,7,1,1,6,32
u51,31,9,1,1,8,30
u52,31,6,1,0,6,26
u53,31,7,1,1,4,24
u54,31,4,0,1,9,24
u55,31,8,0,1,5,27
u56,31,8,1,1,5,27
u57,31,1,1,1,4,24
u58,31,7,1,1,9,22
u59,31,8,0,2,7,29
u60,31,8,0,1,8,23
u61,31,7,0,1,7,21
u62,31,6,0,1,6,22
u63,31,5,0,1,6,22
u64,31,7,0,1,5,21
u65,31,6,0,1,6,22
u66,31,3,0,1,3,24
u67,31,4,0,1,6,25
u68,31,1,0,1,2,21
u69,31,7,0,1,8,29
u70,31,5,0,1,8,22
u71,31,8,0,1,9,21
u72,31,5,1,1,3,22
u73,31,7,1,1,7,23
u74,31,5,1,1,3,16
u75,31,1,1,1,2,23
u76,31,5,0,1,2,23
u77,31,5,1,1,5,19
u78,31,4,1,1,1,17
u79,31,6,1,1,2,16
u80,31,1,1,1,2,18
u81,31,6,1,1,7,18
u82,31,5,1,1,5,17
u83,31,5,0,1,8,20
u84,31,3,0,1,7,20
u85,31,8,0,1,1,18
u86,31,10,0,1,7,21
u87,31,6,0,1,2,19
u88,31,3,0,1,2,23
u89,31,1,0,1,10,19
u90,31,9,0,1,4,20
u91,31,3,1,1,8,23
u92,31,5,0,1,8,20
u93,31,2,0,1,5,18
u94,31,1,0,1,6,21
u95,31,8,0,1,1,21
u96,31,10,0,1,10,22
u97,31,5,1,1,4,21
u98,31,6,1,1,5,23
u99,31,5,1,1,8,22
u100,31,6,1,1,9,23
u1,32,8,1,1,6,23
u2,32,5,0,2,4,58
u3,32,5,1,0,7,84
u4,32,7,1,0,6,47
u5,32,8,1,1,6,16
u6,32,8,1,1,6,16
u7,32,5,1,1,10,16
u8,32,8,1,1,4,15
u9,32,3,0,1,2,15
u10,32,10,0,1,9,16
u11,32,4,0,1,3,16
u12,32,4,0,1,6,16
u13,32,2,0,1,6,16
u14,32,1,0,1,4,16
u15,32,8,1,1,1,17
u16,32,7,1,1,3,15
u17,32,4,1,1,10,15
u18,32,5,1,1,10,15
u19,32,7,1,1,7,15
u20,32,10,1,1,6,16
u21,32,6,1,1,9,16
u22,32,4,0,1,9,15
u23,32,9,0,1,10,15
u24,32,7,0,1,9,16
u25,32,5,0,1,5,11
u26,32,7,0,1,7,16
u27,32,9,0,1,10,20
u28,32,9,1,1,9,18
u29,32,8,0,1,8,20
u30,32,6,0,1,5,20
u31,32,9,0,1,7,20
u32,32,6,0,1,5,18
u33,32,10,1,1,9,18
u34,32,9,1,1,8,15
u35,32,9,0,1,7,13
u36,32,9,0,1,8,8
u37,32,2,0,1,1,10
u38,32,4,0,1,5,10
u39,32,3,0,1,4,6
u40,32,3,1,2,2,60
u41,32,8,1,2,9,53
u42,32,2,1,0,5,55
u43,32,7,1,0,10,44
u44,32,3,1,2,5,47
u45,32,9,1,2,9,48
u46,32,9,0,2,6,48
u47,32,4,1,0,2,48
u48,32,7,0,2,5,38
u49,32,5,1,0,8,35
u50,32,3,1,1,9,32
u51,32,8,1,1,9,30
u52,32,4,1,0,3,26
u53,32,9,1,1,4,24
u54,32,8,0,1,9,24
u55,32,5,0,1,5,27
u56,32,6,1,1,3,27
u57,32,1,1,1,1,24
u58,32,7,1,1,10,22
u59,32,8,0,2,5,29
u60,32,7,0,1,8,23
u61,32,8,0,1,9,21
u62,32,7,0,1,9,22
u63,32,9,0,1,5,22
u64,32,8,0,1,6,21
u65,32,7,0,1,3,22
u66,32,4,0,1,4,24
u67,32,6,0,1,5,25
u68,32,1,0,1,3,21
u69,32,8,0,1,7,29
u70,32,10,0,1,10,22
u71,32,8,0,1,8,21
u72,32,4,1,1,3,22
u73,32,5,1,1,8,23
u74,32,3,1,1,5,16
u75,32,2,1,1,9,23
u76,32,7,0,1,3,23
u77,32,2,1,1,7,19
u78,32,10,1,1,5,17
u79,32,7,1,1,6,16
u80,32,4,1,1,7,18
u81,32,2,1,1,6,18
u82,32,8,1,1,7,17
u83,32,9,0,1,10,20
u84,32,6,0,1,1,20
u85,32,9,0,1,6,18
u86,32,8,0,1,9,21
u87,32,5,0,1,3,19
u88,32,1,0,1,1,23
u89,32,1,0,1,9,19
u90,32,7,0,1,7,20
u91,32,7,1,1,7,23
u92,32,6,0,1,7,20
u93,32,3,0,1,6,18
u94,32,3,0,1,7,21
u95,32,9,0,1,2,21
u96,32,1,0,1,1,22
u97,32,1,1,1,7,21
u98,32,7,1,1,5,23
u99,32,7,1,1,7,22
u100,32,9,1,1,8,23
u1,33,8,1,1,9,23
u2,33,6,0,2,6,58
u3,33,5,1,0,6,84
u4,33,8,1,0,7,47
u5,33,9,1,1,7,16
u6,33,9,1,1,8,16
u7,33,5,1,1,9,16
u8,33,4,1,1,3,15
u9,33,4,0,1,5,15
u10,33,5,0,1,8,16
u11,33,7,0,1,3,16
u12,33,2,0,1,4,16
u13,33,4,0,1,6,16
u14,33,4,0,1,10,16
u15,33,1,1,1,7,17
u16,33,5,1,1,2,15
u17,33,8,1,1,7,15
u18,33,6,1,1,6,15
u19,33,10,1,1,5,15
u20,33,2,1,1,8,16
u21,33,7,1,1,4,16
u22,33,2,0,1,8,15
u23,33,10,0,1,9,15
u24,33,8,0,1,10,16
u25,33,6,0,1,5,11
u26,33,7,0,1,8,16
u27,33,8,0,1,10,20
u28,33,8,1,1,9,18
u29,33,9,0,1,8,20
u30,33,8,0,1,5,20
u31,33,9,0,1,7,20
u32,33,8,0,1,7,18
u33,33,3,1,1,7,18
u34,33,8,1,1,7,15
u35,33,10,0,1,8,13
u36,33,10,0,1,9,8
u37,33,2,0,1,1,10
u38,33,6,0,1,6,10
u39,33,3,0,1,1,6
u40,33,3,1,2,3,60
u41,33,9,1,2,7,53
u42,33,5,1,0,6,55
u43,33,6,1,0,9,44
u44,33,5,1,2,3,47
u45,33,5,1,2,8,48
u46,33,9,0,2,3,48
u47,33,5,1,0,4,48
u48,33,5,0,2,6,38
u49,33,7,1,0,7,35
u50,33,7,1,1,5,32
u51,33,8,1,1,8,30
u52,33,5,1,0,4,26
u53,33,8,1,1,6,24
u54,33,9,0,1,9,24
u55,33,6,0,1,8,27
u56,33,9,1,1,8,27
u57,33,4,1,1,7,24
u58,33,7,1,1,6,22
u59,33,8,0,2,6,29
u60,33,9,0,1,9,23
u61,33,8,0,1,7,21
u62,33,8,0,1,8,22
u63,33,5,0,1,10,22
u64,33,7,0,1,6,21
u65,33,6,0,1,3,22
u66,33,4,0,1,4,24
u67,33,5,0,1,7,25
u68,33,1,0,1,6,21
u69,33,6,0,1,7,29
u70,33,7,0,1,7,22
u71,33,9,0,1,7,21
u72,33,4,1,1,2,22
u73,33,5,1,1,6,23
u74,33,4,1,1,2,16
u75,33,3,1,1,6,23
u76,33,10,0,1,4,23
u77,33,3,1,1,9,19
u78,33,1,1,1,10,17
u79,33,8,1,1,4,16
u80,33,1,1,1,4,18
u81,33,6,1,1,10,18
u82,33,7,1,1,2,17
u83,33,8,0,1,6,20
u84,33,8,0,1,1,20
u85,33,4,0,1,3,18
u86,33,7,0,1,3,21
u87,33,6,0,1,4,19
u88,33,1,0,1,1,23
u89,33,1,0,1,8,19
u90,33,4,0,1,9,20
u91,33,10,1,1,9,23
u92,33,8,0,1,9,20
u93,33,4,0,1,4,18
u94,33,4,0,1,9,21
u95,33,8,0,1,3,21
u96,33,8,0,1,4,22
u97,33,2,1,1,5,21
u98,33,3,1,1,3,23
u99,33,7,1,1,9,22
u100,33,9,1,1,9,23
u1,34,6,1,1,7,23
u2,34,8,0,2,5,58
u3,34,6,1,0,6,84
u4,34,9,1,0,7,47
u5,34,10,1,1,8,16
u6,34,10,1,1,9,16
u7,34,6,1,1,10,16
u8,34,1,1,1,3,15
u9,34,5,0,1,8,15
u10,34,7,0,1,4,16
u11,34,6,0,1,3,16
u12,34,6,0,1,3,16
u13,34,5,0,1,5,16
u14,34,2,0,1,7,16
u15,34,4,1,1,9,17
u16,34,2,1,1,3,15
u17,34,3,1,1,1,15
u18,34,3,1,1,4,15
u19,34,5,1,1,10,15
u20,34,1,1,1,10,16
u21,34,2,1,1,9,16
u22,34,3,0,1,7,15
u23,34,9,0,1,8,15
u24,34,9,0,1,9,16
u25,34,8,0,1,6,11
u26,34,7,0,1,9,16
u27,34,8,0,1,9,20
u28,34,7,1,1,8,18
u29,34,10,0,1,10,20
u30,34,8,0,1,5,20
u31,34,8,0,1,6,20
u32,34,9,0,1,2,18
u33,34,6,1,1,7,18
u34,34,8,1,1,5,15
u35,34,10,0,1,9,13
u36,34,8,0,1,10,8
u37,34,7,0,1,8,10
u38,34,5,0,1,7,10
u39,34,5,0,1,2,6
u40,34,8,1,2,8,60
u41,34,10,1,2,9,53
u42,34,7,1,0,7,55
u43,34,5,1,0,10,44
u44,34,6,1,2,9,47
u45,34,7,1,2,7,48
u46,34,10,0,2,3,48
u47,34,6,1,0,6,48
u48,34,8,0,2,8,38
u49,34,6,1,0,5,35
u50,34,5,1,1,9,32
u51,34,9,1,1,9,30
u52,34,6,1,0,5,26
u53,34,7,1,1,8,24
u54,34,7,0,1,8,24
u55,34,4,0,1,9,27
u56,34,6,1,1,5,27
u57,34,3,1,1,3,24
u58,34,7,1,1,2,22
u59,34,8,0,2,7,29
u60,34,9,0,1,9,23
u61,34,9,0,1,9,21
u62,34,9,0,1,8,22
u63,34,9,0,1,9,22
u64,34,8,0,1,7,21
u65,34,6,0,1,5,22
u66,34,9,0,1,9,24
u67,34,6,0,1,5,25
u68,34,2,0,1,6,21
u69,34,5,0,1,6,29
u70,34,8,0,1,10,22
u71,34,8,0,1,7,21
u72,34,10,1,1,10,22
u73,34,10,1,1,10,23
u74,34,6,1,1,5,16
u75,34,4,1,1,4,23
u76,34,9,0,1,5,23
u77,34,6,1,1,5,19
u78,34,3,1,1,2,17
u79,34,9,1,1,10,16
u80,34,6,1,1,1,18
u81,34,10,1,1,6,18
u82,34,3,1,1,5,17
u83,34,6,0,1,7,20
u84,34,7,0,1,3,20
u85,34,4,0,1,8,18
u86,34,8,0,1,4,21
u87,34,3,0,1,5,19
u88,34,4,0,1,1,23
u89,34,1,0,1,7,19
u90,34,6,0,1,6,20
u91,34,8,1,1,8,23
u92,34,9,0,1,7,20
u93,34,5,0,1,7,18
u94,34,6,0,1,10,21
u95,34,7,0,1,4,21
u96,34,9,0,1,8,22
u97,34,8,1,1,2,21
u98,34,8,1,1,7,23
u99,34,7,1,1,7,22
u100,34,8,1,1,8,23
u1,35,4,1,1,10,23
u2,35,6,0,2,5,58
u3,35,7,1,0,5,84
u4,35,10,1,0,6,47
u5,35,9,1,1,9,16
u6,35,10,1,1,10,16
u7,35,7,1,1,8,16
u8,35,3,1,1,2,15
u9,35,6,0,1,7,15
u10,35,6,0,1,4,16
u11,35,8,0,1,3,16
u12,35,1,0,1,2,16
u13,35,7,0,1,5,16
u14,35,3,0,1,6,16
u15,35,6,1,1,4,17
u16,35,4,1,1,5,15
u17,35,2,1,1,6,15
u18,35,10,1,1,5,15
u19,35,6,1,1,3,15
u20,35,2,1,1,2,16
u21,35,1,1,1,8,16
u22,35,4,0,1,6,15
u23,35,8,0,1,7,15
u24,35,10,0,1,8,16
u25,35,8,0,1,6,11
u26,35,8,0,1,7,16
u27,35,9,0,1,9,20
u28,35,10,1,1,9,18
u29,35,10,0,1,10,20
u30,35,6,0,1,7,20
u31,35,10,0,1,9,20
u32,35,8,0,1,6,18
u33,35,5,1,1,8,18
u34,35,5,1,1,6,15
u35,35,6,0,1,6,13
u36,35,9,0,1,8,8
u37,35,7,0,1,6,10
u38,35,4,0,1,6,10
u39,35,4,0,1,5,6
u40,35,4,1,2,9,60
u41,35,8,1,2,10,53
u42,35,10,1,0,7,55
u43,35,9,1,0,8,44
u44,35,5,1,2,5,47
u45,35,8,1,2,6,48
u46,35,4,0,2,10,48
u47,35,7,1,0,7,48
u48,35,5,0,2,9,38
u49,35,8,1,0,5,35
u50,35,6,1,1,3,32
u51,35,8,1,1,10,30
u52,35,5,1,0,5,26
u53,35,8,1,1,8,24
u54,35,5,0,1,8,24
u55,35,7,0,1,5,27
u56,35,5,1,1,3,27
u57,35,3,1,1,3,24
u58,35,8,1,1,8,22
u59,35,7,0,2,8,29
u60,35,8,0,1,8,23
u61,35,8,0,1,9,21
u62,35,7,0,1,10,22
u63,35,9,0,1,10,22
u64,35,6,0,1,8,21
u65,35,6,0,1,4,22
u66,35,9,0,1,8,24
u67,35,5,0,1,4,25
u68,35,2,0,1,3,21
u69,35,7,0,1,6,29
u70,35,9,0,1,10,22
u71,35,7,0,1,8,21
u72,35,3,1,1,6,22
u73,35,8,1,1,9,23
u74,35,7,1,1,8,16
u75,35,5,1,1,10,23
u76,35,6,0,1,6,23
u77,35,8,1,1,1,19
u78,35,5,1,1,7,17
u79,35,10,1,1,5,16
u80,35,8,1,1,4,18
u81,35,9,1,1,8,18
u82,35,6,1,1,1,17
u83,35,4,0,1,3,20
u84,35,5,0,1,6,20
u85,35,2,0,1,1,18
u86,35,9,0,1,2,21
u87,35,4,0,1,4,19
u88,35,4,0,1,2,23
u89,35,1,0,1,6,19
u90,35,10,0,1,3,20
u91,35,10,1,1,5,23
u92,35,7,0,1,7,20
u93,35,6,0,1,2,18
u94,35,9,0,1,7,21
u95,35,6,0,1,5,21
u96,35,7,0,1,2,22
u97,35,4,1,1,4,21
u98,35,6,1,1,6,23
u99,35,4,1,1,7,22
u100,35,8,1,1,8,23
u1,36,7,1,1,8,23
u2,36,5,0,2,5,58
u3,36,5,1,0,5,84
u4,36,8,1,0,9,47
u5,36,8,1,1,8,16
u6,36,10,1,1,10,16
u7,36,8,1,1,9,16
u8,36,4,1,1,1,15
u9,36,7,0,1,2,15
u10,36,2,0,1,4,16
u11,36,5,0,1,3,16
u12,36,4,0,1,1,16
u13,36,3,0,1,3,16
u14,36,2,0,1,9,16
u15,36,8,1,1,1,17
u16,36,5,1,1,4,15
u17,36,5,1,1,3,15
u18,36,7,1,1,2,15
u19,36,3,1,1,8,15
u20,36,3,1,1,3,16
u21,36,3,1,1,9,16
u22,36,5,0,1,5,15
u23,36,7,0,1,6,15
u24,36,9,0,1,7,16
u25,36,4,0,1,6,11
u26,36,9,0,1,8,16
u27,36,10,0,1,10,20
u28,36,8,1,1,8,18
u29,36,10,0,1,10,20
u30,36,8,0,1,7,20
u31,36,9,0,1,8,20
u32,36,8,0,1,6,18
u33,36,5,1,1,6,18
u34,36,6,1,1,5,15
u35,36,7,0,1,7,13
u36,36,7,0,1,8,8
u37,36,8,0,1,9,10
u38,36,6,0,1,8,10
u39,36,3,0,1,7,6
u40,36,8,1,2,6,60
u41,36,9,1,2,8,53
u42,36,1,1,0,8,55
u43,36,5,1,0,9,44
u44,36,8,1,2,4,47
u45,36,1,1,2,3,48
u46,36,7,0,2,2,48
u47,36,1,1,0,10,48
u48,36,6,0,2,5,38
u49,36,9,1,0,8,35
u50,36,2,1,1,8,32
u51,36,9,1,1,7,30
u52,36,7,1,0,8,26
u53,36,7,1,1,8,24
u54,36,8,0,1,9,24
u55,36,4,0,1,5,27
u56,36,6,1,1,6,27
u57,36,1,1,1,1,24
u58,36,8,1,1,10,22
u59,36,8,0,2,5,29
u60,36,7,0,1,7,23
u61,36,7,0,1,8,21
u62,36,8,0,1,7,22
u63,36,8,0,1,8,22
u64,36,6,0,1,6,21
u65,36,1,0,1,1,22
u66,36,2,0,1,5,24
u67,36,7,0,1,7,25
u68,36,4,0,1,6,21
u69,36,8,0,1,4,29
u70,36,10,0,1,10,22
u71,36,9,0,1,7,21
u72,36,3,1,1,3,22
u73,36,5,1,1,6,23
u74,36,10,1,1,4,16
u75,36,6,1,1,2,23
u76,36,9,0,1,7,23
u77,36,3,1,1,1,19
u78,36,5,1,1,4,17
u79,36,10,1,1,2,16
u80,36,1,1,1,2,18
u81,36,8,1,1,10,18
u82,36,10,1,1,9,17
u83,36,5,0,1,5,20
u84,36,4,0,1,8,20
u85,36,4,0,1,5,18
u86,36,10,0,1,5,21
u87,36,5,0,1,8,19
u88,36,4,0,1,1,23
u89,36,2,0,1,5,19
u90,36,5,0,1,8,20
u91,36,1,1,1,1,23
u92,36,9,0,1,8,20
u93,36,7,0,1,7,18
u94,36,7,0,1,6,21
u95,36,5,0,1,6,21
u96,36,7,0,1,3,22
u97,36,6,1,1,9,21
u98,36,8,1,1,7,23
u99,36,6,1,1,7,22
u100,36,8,1,1,7,23
u1,37,10,1,1,6,23
u2,37,6,0,2,4,58
u3,37,6,1,0,6,84
u4,37,6,1,0,7,47
u5,37,7,1,1,7,16
u6,37,9,1,1,10,16
u7,37,9,1,1,8,16
u8,37,3,1,1,1,15
u9,37,8,0,1,1,15
u10,37,4,0,1,5,16
u11,37,1,0,1,3,16
u12,37,1,0,1,3,16
u13,37,5,0,1,3,16
u14,37,1,0,1,5,16
u15,37,3,1,1,6,17
u16,37,7,1,1,6,15
u17,37,1,1,1,7,15
u18,37,9,1,1,1,15
u19,37,6,1,1,6,15
u20,37,4,1,1,4,16
u21,37,5,1,1,7,16
u22,37,6,0,1,4,15
u23,37,6,0,1,5,15
u24,37,8,0,1,6,16
u25,37,7,0,1,7,11
u26,37,8,0,1,8,16
u27,37,9,0,1,9,20
u28,37,10,1,1,9,18
u29,37,10,0,1,10,20
u30,37,8,0,1,6,20
u31,37,10,0,1,7,20
u32,37,9,0,1,8,18
u33,37,5,1,1,7,18
u34,37,5,1,1,7,15
u35,37,7,0,1,6,13
u36,37,8,0,1,7,8
u37,37,10,0,1,8,10
u38,37,8,0,1,7,10
u39,37,2,0,1,3,6
u40,37,8,1,2,2,60
u41,37,7,1,2,9,53
u42,37,4,1,0,8,55
u43,37,4,1,0,10,44
u44,37,9,1,2,6,47
u45,37,8,1,2,5,48
u46,37,5,0,2,4,48
u47,37,2,1,0,4,48
u48,37,7,0,2,6,38
u49,37,6,1,0,7,35
u50,37,4,1,1,4,32
u51,37,10,1,1,7,30
u52,37,6,1,0,9,26
u53,37,7,1,1,8,24
u54,37,6,0,1,8,24
u55,37,5,0,1,5,27
u56,37,4,1,1,3,27
u57,37,2,1,1,1,24
u58,37,7,1,1,10,22
u59,37,9,0,2,6,29
u60,37,9,0,1,8,23
u61,37,7,0,1,8,21
u62,37,8,0,1,8,22
u63,37,8,0,1,10,22
u64,37,6,0,1,5,21
u65,37,5,0,1,3,22
u66,37,7,0,1,7,24
u67,37,6,0,1,6,25
u68,37,5,0,1,4,21
u69,37,4,0,1,4,29
u70,37,10,0,1,10,22
u71,37,8,0,1,8,21
u72,37,8,1,1,8,22
u73,37,9,1,1,8,23
u74,37,10,1,1,8,16
u75,37,1,1,1,6,23
u76,37,3,0,1,8,23
u77,37,1,1,1,5,19
u78,37,9,1,1,10,17
u79,37,2,1,1,4,16
u80,37,4,1,1,6,18
u81,37,4,1,1,9,18
u82,37,7,1,1,6,17
u83,37,2,0,1,1,20
u84,37,3,0,1,10,20
u85,37,4,0,1,9,18
u86,37,7,0,1,6,21
u87,37,4,0,1,7,19
u88,37,1,0,1,5,23
u89,37,3,0,1,4,19
u90,37,8,0,1,7,20
u91,37,2,1,1,2,23
u92,37,7,0,1,9,20
u93,37,5,0,1,4,18
u94,37,10,0,1,8,21
u95,37,4,0,1,7,21
u96,37,5,0,1,1,22
u97,37,7,1,1,3,21
u98,37,8,1,1,6,23
u99,37,4,1,1,7,22
u100,37,7,1,1,9,23
u1,38,8,1,1,5,23
u2,38,6,0,2,4,58
u3,38,5,1,0,5,84
u4,38,7,1,0,8,47
u5,38,6,1,1,6,16
u6,38,8,1,1,9,16
u7,38,9,1,1,9,16
u8,38,6,1,1,2,15
u9,38,9,0,1,5,15
u10,38,5,0,1,6,16
u11,38,1,0,1,5,16
u12,38,7,0,1,1,16
u13,38,10,0,1,6,16
u14,38,3,0,1,9,16
u15,38,8,1,1,1,17
u16,38,5,1,1,7,15
u17,38,7,1,1,4,15
u18,38,8,1,1,4,15
u19,38,10,1,1,10,15
u20,38,5,1,1,5,16
u21,38,2,1,1,3,16
u22,38,7,0,1,3,15
u23,38,5,0,1,4,15
u24,38,7,0,1,5,16
u25,38,9,0,1,7,11
u26,38,7,0,1,7,16
u27,38,9,0,1,8,20
u28,38,10,1,1,9,18
u29,38,9,0,1,9,20
u30,38,6,0,1,7,20
u31,38,9,0,1,7,20
u32,38,8,0,1,8,18
u33,38,5,1,1,6,18
u34,38,8,1,1,5,15
u35,38,6,0,1,7,13
u36,38,5,0,1,7,8
u37,38,9,0,1,9,10
u38,38,9,0,1,9,10
u39,38,5,0,1,9,6
u40,38,7,1,2,8,60
u41,38,9,1,2,10,53
u42,38,6,1,0,9,55
u43,38,8,1,0,9,44
u44,38,10,1,2,9,47
u45,38,7,1,2,10,48
u46,38,5,0,2,6,48
u47,38,1,1,0,2,48
u48,38,9,0,2,8,38
u49,38,9,1,0,10,35
u50,38,6,1,1,8,32
u51,38,8,1,1,9,30
u52,38,8,1,0,10,26
u53,38,7,1,1,9,24
u54,38,3,0,1,8,24
u55,38,8,0,1,5,27
u56,38,6,1,1,2,27
u57,38,3,1,1,2,24
u58,38,7,1,1,8,22
u59,38,8,0,2,6,29
u60,38,8,0,1,8,23
u61,38,8,0,1,7,21
u62,38,9,0,1,8,22
u63,38,8,0,1,10,22
u64,38,6,0,1,5,21
u65,38,5,0,1,4,22
u66,38,8,0,1,7,24
u67,38,5,0,1,5,25
u68,38,2,0,1,4,21
u69,38,6,0,1,5,29
u70,38,6,0,1,10,22
u71,38,7,0,1,8,21
u72,38,8,1,1,8,22
u73,38,8,1,1,9,23
u74,38,4,1,1,9,16
u75,38,2,1,1,8,23
u76,38,9,0,1,9,23
u77,38,1,1,1,8,19
u78,38,9,1,1,4,17
u79,38,3,1,1,1,16
u80,38,2,1,1,3,18
u81,38,6,1,1,7,18
u82,38,4,1,1,3,17
u83,38,7,0,1,5,20
u84,38,2,0,1,7,20
u85,38,6,0,1,4,18
u86,38,9,0,1,8,21
u87,38,6,0,1,9,19
u88,38,6,0,1,3,23
u89,38,4,0,1,3,19
u90,38,6,0,1,9,20
u91,38,2,1,1,4,23
u92,38,10,0,1,8,20
u93,38,3,0,1,5,18
u94,38,5,0,1,10,21
u95,38,3,0,1,5,21
u96,38,6,0,1,6,22
u97,38,3,1,1,10,21
u98,38,8,1,1,7,23
u99,38,4,1,1,8,22
u100,38,7,1,1,9,23
u1,39,5,1,1,7,23
u2,39,5,0,2,5,58
u3,39,5,1,0,5,84
u4,39,8,1,0,8,47
u5,39,5,1,1,5,16
u6,39,6,1,1,8,16
u7,39,8,1,1,8,16
u8,39,4,1,1,3,15
u9,39,10,0,1,2,15
u10,39,5,0,1,7,16
u11,39,3,0,1,5,16
u12,39,5,0,1,3,16
u13,39,10,0,1,6,16
u14,39,4,0,1,6,16
u15,39,7,1,1,8,17
u16,39,2,1,1,8,15
u17,39,9,1,1,9,15
u18,39,2,1,1,9,15
u19,39,4,1,1,3,15
u20,39,6,1,1,6,16
u21,39,3,1,1,8,16
u22,39,8,0,1,2,15
u23,39,4,0,1,3,15
u24,39,6,0,1,4,16
u25,39,5,0,1,7,11
u26,39,8,0,1,9,16
u27,39,8,0,1,9,20
u28,39,9,1,1,10,18
u29,39,9,0,1,8,20
u30,39,9,0,1,6,20
u31,39,10,0,1,8,20
u32,39,8,0,1,7,18
u33,39,7,1,1,6,18
u34,39,7,1,1,8,15
u35,39,5,0,1,5,13
u36,39,5,0,1,5,8
u37,39,8,0,1,7,10
u38,39,8,0,1,8,10
u39,39,5,0,1,1,6
u40,39,5,1,2,5,60
u41,39,10,1,2,8,53
u42,39,2,1,0,9,55
u43,39,6,1,0,8,44
u44,39,5,1,2,7,47
u45,39,10,1,2,9,48
u46,39,6,0,2,6,48
u47,39,5,1,0,4,48
u48,39,5,0,2,8,38
u49,39,10,1,0,10,35
u50,39,8,1,1,7,32
u51,39,10,1,1,9,30
u52,39,8,1,0,10,26
u53,39,8,1,1,5,24
u54,39,7,0,1,9,24
u55,39,7,0,1,5,27
u56,39,7,1,1,8,27
u57,39,8,1,1,6,24
u58,39,8,1,1,7,22
u59,39,7,0,2,6,29
u60,39,9,0,1,7,23
u61,39,8,0,1,6,21
u62,39,9,0,1,7,22
u63,39,8,0,1,10,22
u64,39,7,0,1,6,21
u65,39,4,0,1,3,22
u66,39,5,0,1,6,24
u67,39,8,0,1,6,25
u68,39,4,0,1,4,21
u69,39,7,0,1,6,29
u70,39,7,0,1,10,22
u71,39,8,0,1,7,21
u72,39,7,1,1,8,22
u73,39,9,1,1,10,23
u74,39,6,1,1,6,16
u75,39,3,1,1,1,23
u76,39,1,0,1,10,23
u77,39,4,1,1,3,19
u78,39,6,1,1,9,17
u79,39,4,1,1,6,16
u80,39,6,1,1,1,18
u81,39,7,1,1,9,18
u82,39,6,1,1,7,17
u83,39,6,0,1,7,20
u84,39,4,0,1,5,20
u85,39,2,0,1,2,18
u86,39,8,0,1,10,21
u87,39,7,0,1,5,19
u88,39,1,0,1,5,23
u89,39,5,0,1,2,19
u90,39,8,0,1,10,20
u91,39,5,1,1,6,23
u92,39,7,0,1,9,20
u93,39,5,0,1,6,18
u94,39,8,0,1,9,21
u95,39,2,0,1,4,21
u96,39,3,0,1,7,22
u97,39,5,1,1,5,21
u98,39,8,1,1,6,23
u99,39,5,1,1,7,22
u100,39,9,1,1,6,23
u1,40,6,1,1,9,23
u2,40,4,0,2,6,58
u3,40,4,1,0,6,84
u4,40,8,1,0,8,47
u5,40,4,1,1,4,16
u6,40,4,1,1,7,16
u7,40,7,1,1,9,16
u8,40,3,1,1,2,15
u9,40,1,0,1,7,15
u10,40,8,0,1,8,16
u11,40,9,0,1,6,16
u12,40,5,0,1,3,16
u13,40,8,0,1,9,16
u14,40,1,0,1,4,16
u15,40,6,1,1,1,17
u16,40,4,1,1,9,15
u17,40,8,1,1,6,15
u18,40,4,1,1,8,15
u19,40,2,1,1,8,15
u20,40,7,1,1,7,16
u21,40,5,1,1,2,16
u22,40,9,0,1,10,15
u23,40,3,0,1,2,15
u24,40,5,0,1,3,16
u25,40,7,0,1,6,11
u26,40,9,0,1,7,16
u27,40,8,0,1,9,20
u28,40,9,1,1,10,18
u29,40,8,0,1,9,20
u30,40,9,0,1,8,20
u31,40,10,0,1,6,20
u32,40,7,0,1,7,18
u33,40,8,1,1,7,18
u34,40,5,1,1,5,15
u35,40,7,0,1,6,13
u36,40,6,0,1,6,8
u37,40,6,0,1,9,10
u38,40,8,0,1,10,10
u39,40,5,0,1,2,6
u40,40,2,1,2,2,60
u41,40,9,1,2,10,53
u42,40,10,1,0,9,55
u43,40,9,1,0,7,44
u44,40,8,1,2,8,47
u45,40,4,1,2,7,48
u46,40,9,0,2,4,48
u47,40,6,1,0,1,48
u48,40,10,0,2,10,38
u49,40,8,1,0,6,35
u50,40,5,1,1,5,32
u51,40,10,1,1,8,30
u52,40,6,1,0,9,26
u53,40,6,1,1,8,24
u54,40,6,0,1,10,24
u55,40,9,0,1,10,27
u56,40,9,1,1,9,27
u57,40,6,1,1,7,24
u58,40,7,1,1,6,22
u59,40,7,0,2,8,29
u60,40,8,0,1,7,23
u61,40,8,0,1,6,21
u62,40,9,0,1,9,22
u63,40,8,0,1,9,22
u64,40,8,0,1,6,21
u65,40,4,0,1,4,22
u66,40,6,0,1,6,24
u67,40,4,0,1,7,25
u68,40,7,0,1,5,21
u69,40,8,0,1,7,29
u70,40,9,0,1,10,22
u71,40,9,0,1,8,21
u72,40,3,1,1,2,22
u73,40,6,1,1,10,23
u74,40,7,1,1,3,16
u75,40,4,1,1,10,23
u76,40,2,0,1,1,23
u77,40,6,1,1,1,19
u78,40,1,1,1,5,17
u79,40,2,1,1,3,16
u80,40,9,1,1,5,18
u81,40,5,1,1,7,18
u82,40,10,1,1,5,17
u83,40,10,0,1,4,20
u84,40,6,0,1,3,20
u85,40,8,0,1,7,18
u86,40,9,0,1,9,21
u87,40,8,0,1,3,19
u88,40,3,0,1,7,23
u89,40,6,0,1,1,19
u90,40,4,0,1,5,20
u91,40,3,1,1,1,23
u92,40,8,0,1,10,20
u93,40,4,0,1,8,18
u94,40,10,0,1,7,21
u95,40,1,0,1,3,21
u96,40,7,0,1,4,22
u97,40,7,1,1,7,21
u98,40,6,1,1,6,23
u99,40,4,1,1,7,22
u100,40,9,1,1,7,23
u1,41,8,1,1,7,23
u2,41,5,0,2,5,58
u3,41,5,1,0,3,84
u4,41,9,1,0,8,47
u5,41,3,1,1,3,16
u6,41,3,1,1,6,16
u7,41,9,1,1,8,16
u8,41,2,1,1,4,15
u9,41,2,0,1,6,15
u10,41,3,0,1,4,16
u11,41,5,0,1,7,16
u12,41,5,0,1,3,16
u13,41,6,0,1,10,16
u14,41,3,0,1,8,16
u15,41,4,1,1,6,17
u16,41,8,1,1,7,15
u17,41,5,1,1,3,15
u18,41,3,1,1,5,15
u19,41,7,1,1,7,15
u20,41,8,1,1,8,16
u21,41,7,1,1,9,16
u22,41,10,0,1,1,15
u23,41,2,0,1,1,15
u24,41,4,0,1,2,16
u25,41,6,0,1,8,11
u26,41,8,0,1,8,16
u27,41,9,0,1,9,20
u28,41,10,1,1,9,18
u29,41,7,0,1,9,20
u30,41,9,0,1,8,20
u31,41,10,0,1,10,20
u32,41,9,0,1,7,18
u33,41,8,1,1,8,18
u34,41,6,1,1,6,15
u35,41,6,0,1,7,13
u36,41,7,0,1,4,8
u37,41,5,0,1,7,10
u38,41,7,0,1,8,10
u39,41,5,0,1,5,6
u40,41,9,1,2,4,60
u41,41,10,1,2,10,53
u42,41,9,1,0,9,55
u43,41,6,1,0,8,44
u44,41,6,1,2,5,47
u45,41,10,1,2,9,48
u46,41,1,0,2,4,48
u47,41,7,1,0,3,48
u48,41,7,0,2,10,38
u49,41,10,1,0,6,35
u50,41,10,1,1,4,32
u51,41,8,1,1,8,30
u52,41,6,1,0,8,26
u53,41,7,1,1,8,24
u54,41,8,0,1,9,24
u55,41,7,0,1,6,27
u56,41,6,1,1,3,27
u57,41,4,1,1,5,24
u58,41,8,1,1,7,22
u59,41,8,0,2,8,29
u60,41,7,0,1,5,23
u61,41,8,0,1,5,21
u62,41,7,0,1,8,22
u63,41,3,0,1,8,22
u64,41,7,0,1,5,21
u65,41,2,0,1,3,22
u66,41,4,0,1,5,24
u67,41,6,0,1,8,25
u68,41,3,0,1,6,21
u69,41,8,0,1,7,29
u70,41,4,0,1,9,22
u71,41,9,0,1,9,21
u72,41,8,1,1,3,22
u73,41,7,1,1,8,23
u74,41,9,1,1,5,16
u75,41,5,1,1,5,23
u76,41,5,0,1,3,23
u77,41,7,1,1,4,19
u78,41,8,1,1,8,17
u79,41,3,1,1,8,16
u80,41,10,1,1,2,18
u81,41,7,1,1,7,18
u82,41,3,1,1,9,17
u83,41,8,0,1,9,20
u84,41,8,0,1,8,20
u85,41,1,0,1,1,18
u86,41,10,0,1,8,21
u87,41,7,0,1,3,19
u88,41,2,0,1,5,23
u89,41,7,0,1,2,19
u90,41,5,0,1,4,20
u91,41,7,1,1,5,23
u92,41,6,0,1,6,20
u93,41,1,0,1,2,18
u94,41,7,0,1,6,21
u95,41,1,0,1,2,21
u96,41,4,0,1,8,22
u97,41,2,1,1,3,21
u98,41,7,1,1,5,23
u99,41,5,1,1,6,22
u100,41,6,1,1,7,23
u1,42,7,1,1,6,23
u2,42,5,0,2,5,58
u3,42,5,1,0,4,84
u4,42,8,1,0,8,47
u5,42,2,1,1,2,16
u6,42,2,1,1,5,16
u7,42,8,1,1,9,16
u8,42,5,1,1,6,15
u9,42,3,0,1,4,15
u10,42,6,0,1,4,16
u11,42,10,0,1,8,16
u12,42,6,0,1,5,16
u13,42,9,0,1,9,16
u14,42,5,0,1,4,16
u15,42,2,1,1,3,17
u16,42,6,1,1,5,15
u17,42,10,1,1,1,15
u18,42,6,1,1,6,15
u19,42,9,1,1,5,15
u20,42,9,1,1,9,16
u21,42,9,1,1,4,16
u22,42,9,0,1,1,15
u23,42,1,0,1,2,15
u24,42,3,0,1,1,16
u25,42,7,0,1,8,11
u26,42,7,0,1,9,16
u27,42,10,0,1,9,20
u28,42,8,1,1,8,18
u29,42,8,0,1,7,20
u30,42,8,0,1,7,20
u31,42,8,0,1,10,20
u32,42,8,0,1,9,18
u33,42,8,1,1,9,18
u34,42,6,1,1,7,15
u35,42,8,0,1,8,13
u36,42,8,0,1,3,8
u37,42,5,0,1,7,10
u38,42,6,0,1,7,10
u39,42,5,0,1,7,6
u40,42,3,1,2,1,60
u41,42,9,1,2,9,53
u42,42,4,1,0,9,55
u43,42,8,1,0,9,44
u44,42,7,1,2,6,47
u45,42,5,1,2,5,48
u46,42,5,0,2,8,48
u47,42,8,1,0,5,48
u48,42,10,0,2,8,38
u49,42,7,1,0,10,35
u50,42,7,1,1,5,32
u51,42,7,1,1,7,30
u52,42,7,1,0,7,26
u53,42,9,1,1,8,24
u54,42,6,0,1,8,24
u55,42,5,0,1,5,27
u56,42,8,1,1,3,27
u57,42,5,1,1,7,24
u58,42,7,1,1,5,22
u59,42,6,0,2,6,29
u60,42,8,0,1,7,23
u61,42,6,0,1,7,21
u62,42,8,0,1,9,22
u63,42,8,0,1,7,22
u64,42,5,0,1,6,21
u65,42,2,0,1,2,22
u66,42,2,0,1,4,24
u67,42,4,0,1,6,25
u68,42,5,0,1,6,21
u69,42,9,0,1,8,29
u70,42,8,0,1,10,22
u71,42,9,0,1,9,21
u72,42,3,1,1,4,22
u73,42,4,1,1,8,23
u74,42,6,1,1,7,16
u75,42,6,1,1,10,23
u76,42,9,0,1,5,23
u77,42,3,1,1,6,19
u78,42,3,1,1,3,17
u79,42,5,1,1,4,16
u80,42,1,1,1,8,18
u81,42,5,1,1,3,18
u82,42,1,1,1,6,17
u83,42,3,0,1,6,20
u84,42,10,0,1,1,20
u85,42,7,0,1,6,18
u86,42,7,0,1,9,21
u87,42,6,0,1,5,19
u88,42,1,0,1,6,23
u89,42,8,0,1,3,19
u90,42,8,0,1,6,20
u91,42,10,1,1,7,23
u92,42,7,0,1,4,20
u93,42,3,0,1,4,18
u94,42,6,0,1,7,21
u95,42,1,0,1,1,21
u96,42,7,0,1,2,22
u97,42,5,1,1,8,21
u98,42,8,1,1,6,23
u99,42,5,1,1,6,22
u100,42,6,1,1,8,23
u1,43,4,1,1,10,23
u2,43,5,0,2,5,58
u3,43,4,1,0,4,84
u4,43,9,1,0,6,47
u5,43,1,1,1,3,16
u6,43,1,1,1,4,16
u7,43,9,1,1,8,16
u8,43,2,1,1,4,15
u9,43,4,0,1,7,15
u10,43,1,0,1,4,16
u11,43,2,0,1,9,16
u12,43,7,0,1,5,16
u13,43,6,0,1,10,16
u14,43,4,0,1,7,16
u15,43,8,1,1,6,17
u16,43,7,1,1,1,15
u17,43,3,1,1,8,15
u18,43,8,1,1,10,15
u19,43,1,1,1,1,15
u20,43,10,1,1,10,16
u21,43,1,1,1,8,16
u22,43,8,0,1,2,15
u23,43,2,0,1,3,15
u24,43,2,0,1,2,16
u25,43,5,0,1,7,11
u26,43,7,0,1,8,16
u27,43,9,0,1,8,20
u28,43,9,1,1,9,18
u29,43,9,0,1,7,20
u30,43,6,0,1,9,20
u31,43,7,0,1,8,20
u32,43,5,0,1,6,18
u33,43,10,1,1,10,18
u34,43,10,1,1,8,15
u35,43,8,0,1,9,13
u36,43,4,0,1,5,8
u37,43,4,0,1,6,10
u38,43,5,0,1,6,10
u39,43,4,0,1,6,6
u40,43,1,1,2,2,60
u41,43,8,1,2,10,53
u42,43,3,1,0,8,55
u43,43,7,1,0,6,44
u44,43,8,1,2,9,47
u45,43,8,1,2,9,48
u46,43,6,0,2,10,48
u47,43,9,1,0,2,48
u48,43,10,0,2,9,38
u49,43,5,1,0,8,35
u50,43,5,1,1,8,32
u51,43,10,1,1,9,30
u52,43,7,1,0,6,26
u53,43,10,1,1,9,24
u54,43,8,0,1,8,24
u55,43,8,0,1,9,27
u56,43,7,1,1,6,27
u57,43,2,1,1,6,24
u58,43,8,1,1,7,22
u59,43,4,0,2,8,29
u60,43,10,0,1,9,23
u61,43,9,0,1,8,21
u62,43,8,0,1,5,22
u63,43,7,0,1,7,22
u64,43,7,0,1,7,21
u65,43,5,0,1,5,22
u66,43,7,0,1,7,24
u67,43,9,0,1,7,25
u68,43,6,0,1,7,21
u69,43,8,0,1,8,29
u70,43,6,0,1,8,22
u71,43,8,0,1,7,21
u72,43,4,1,1,8,22
u73,43,3,1,1,9,23
u74,43,8,1,1,5,16
u75,43,10,1,1,2,23
u76,43,10,0,1,7,23
u77,43,1,1,1,8,19
u78,43,5,1,1,4,17
u79,43,7,1,1,6,16
u80,43,2,1,1,10,18
u81,43,6,1,1,5,18
u82,43,4,1,1,2,17
u83,43,7,0,1,4,20
u84,43,7,0,1,3,20
u85,43,3,0,1,3,18
u86,43,4,0,1,6,21
u87,43,5,0,1,4,19
u88,43,1,0,1,7,23
u89,43,9,0,1,3,19
u90,43,3,0,1,3,20
u91,43,9,1,1,9,23
u92,43,9,0,1,2,20
u93,43,4,0,1,5,18
u94,43,4,0,1,5,21
u95,43,1,0,1,2,21
u96,43,10,0,1,8,22
u97,43,7,1,1,4,21
u98,43,6,1,1,6,23
u99,43,9,1,1,6,22
u100,43,8,1,1,8,23
u1,44,6,1,1,8,23
u2,44,6,0,2,4,58
u3,44,4,1,0,5,84
u4,44,8,1,0,7,47
u5,44,2,1,1,4,16
u6,44,2,1,1,3,16
u7,44,8,1,1,9,16
u8,44,4,1,1,7,15
u9,44,5,0,1,6,15
u10,44,7,0,1,5,16
u11,44,4,0,1,6,16
u12,44,5,0,1,4,16
u13,44,5,0,1,9,16
u14,44,3,0,1,1,16
u15,44,6,1,1,9,17
u16,44,5,1,1,2,15
u17,44,1,1,1,2,15
u18,44,5,1,1,9,15
u19,44,6,1,1,9,15
u20,44,1,1,1,1,16
u21,44,3,1,1,3,16
u22,44,7,0,1,3,15
u23,44,3,0,1,4,15
u24,44,1,0,1,3,16
u25,44,8,0,1,8,11
u26,44,8,0,1,7,16
u27,44,9,0,1,10,20
u28,44,10,1,1,10,18
u29,44,10,0,1,8,20
u30,44,7,0,1,8,20
u31,44,7,0,1,8,20
u32,44,7,0,1,9,18
u33,44,10,1,1,9,18
u34,44,5,1,1,9,15
u35,44,4,0,1,5,13
u36,44,8,0,1,5,8
u37,44,6,0,1,5,10
u38,44,4,0,1,5,10
u39,44,3,0,1,5,6
u40,44,4,1,2,3,60
u41,44,10,1,2,8,53
u42,44,2,1,0,7,55
u43,44,8,1,0,5,44
u44,44,3,1,2,4,47
u45,44,9,1,2,10,48
u46,44,6,0,2,9,48
u47,44,10,1,0,3,48
u48,44,5,0,2,3,38
u49,44,6,1,0,10,35
u50,44,9,1,1,4,32
u51,44,6,1,1,10,30
u52,44,8,1,0,5,26
u53,44,10,1,1,8,24
u54,44,9,0,1,8,24
u55,44,4,0,1,9,27
u56,44,9,1,1,6,27
u57,44,3,1,1,3,24
u58,44,7,1,1,2,22
u59,44,7,0,2,6,29
u60,44,7,0,1,8,23
u61,44,8,0,1,7,21
u62,44,9,0,1,6,22
u63,44,6,0,1,6,22
u64,44,6,0,1,6,21
u65,44,5,0,1,3,22
u66,44,5,0,1,6,24
u67,44,3,0,1,6,25
u68,44,3,0,1,7,21
u69,44,7,0,1,7,29
u70,44,10,0,1,8,22
u71,44,8,0,1,5,21
u72,44,3,1,1,5,22
u73,44,5,1,1,7,23
u74,44,3,1,1,6,16
u75,44,1,1,1,4,23
u76,44,7,0,1,9,23
u77,44,4,1,1,5,19
u78,44,3,1,1,6,17
u79,44,6,1,1,1,16
u80,44,4,1,1,1,18
u81,44,5,1,1,1,18
u82,44,7,1,1,6,17
u83,44,5,0,1,8,20
u84,44,5,0,1,6,20
u85,44,5,0,1,7,18
u86,44,5,0,1,4,21
u87,44,4,0,1,6,19
u88,44,1,0,1,8,23
u89,44,9,0,1,4,19
u90,44,6,0,1,8,20
u91,44,2,1,1,5,23
u92,44,2,0,1,2,20
u93,44,7,0,1,7,18
u94,44,7,0,1,7,21
u95,44,2,0,1,2,21
u96,44,2,0,1,5,22
u97,44,1,1,1,6,21
u98,44,6,1,1,6,23
u99,44,7,1,1,6,22
u100,44,8,1,1,6,23
u1,45,9,1,1,7,23
u2,45,6,0,2,6,58
u3,45,4,1,0,7,84
u4,45,5,1,0,7,47
u5,45,3,1,1,5,16
u6,45,4,1,1,2,16
u7,45,9,1,1,8,16
u8,45,2,1,1,8,15
u9,45,6,0,1,3,15
u10,45,8,0,1,6,16
u11,45,6,0,1,5,16
u12,45,3,0,1,5,16
u13,45,4,0,1,10,16
u14,45,10,0,1,5,16
u15,45,1,1,1,8,17
u16,45,4,1,1,3,15
u17,45,3,1,1,5,15
u18,45,7,1,1,6,15
u19,45,10,1,1,3,15
u20,45,3,1,1,2,16
u21,45,6,1,1,6,16
u22,45,6,0,1,4,15
u23,45,4,0,1,5,15
u24,45,2,0,1,4,16
u25,45,9,0,1,9,11
u26,45,8,0,1,8,16
u27,45,8,0,1,10,20
u28,45,10,1,1,9,18
u29,45,10,0,1,7,20
u30,45,7,0,1,7,20
u31,45,9,0,1,9,20
u32,45,6,0,1,9,18
u33,45,4,1,1,8,18
u34,45,3,1,1,3,15
u35,45,5,0,1,6,13
u36,45,4,0,1,4,8
u37,45,7,0,1,4,10
u38,45,4,0,1,4,10
u39,45,3,0,1,2,6
u40,45,2,1,2,3,60
u41,45,7,1,2,9,53
u42,45,1,1,0,6,55
u43,45,6,1,0,6,44
u44,45,6,1,2,5,47
u45,45,4,1,2,4,48
u46,45,2,0,2,5,48
u47,45,1,1,0,5,48
u48,45,6,0,2,5,38
u49,45,10,1,0,10,35
u50,45,6,1,1,8,32
u51,45,7,1,1,10,30
u52,45,8,1,0,4,26
u53,45,10,1,1,9,24
u54,45,10,0,1,10,24
u55,45,8,0,1,7,27
u56,45,8,1,1,8,27
u57,45,4,1,1,8,24
u58,45,8,1,1,3,22
u59,45,7,0,2,8,29
u60,45,8,0,1,8,23
u61,45,8,0,1,8,21
u62,45,9,0,1,7,22
u63,45,6,0,1,4,22
u64,45,5,0,1,5,21
u65,45,6,0,1,4,22
u66,45,6,0,1,5,24
u67,45,6,0,1,8,25
u68,45,1,0,1,8,21
u69,45,8,0,1,5,29
u70,45,7,0,1,7,22
u71,45,8,0,1,10,21
u72,45,5,1,1,6,22
u73,45,4,1,1,6,23
u74,45,5,1,1,8,16
u75,45,2,1,1,10,23
u76,45,4,0,1,10,23
u77,45,6,1,1,1,19
u78,45,3,1,1,1,17
u79,45,8,1,1,9,16
u80,45,1,1,1,4,18
u81,45,8,1,1,3,18
u82,45,6,1,1,4,17
u83,45,8,0,1,2,20
u84,45,3,0,1,4,20
u85,45,2,0,1,1,18
u86,45,3,0,1,6,21
u87,45,5,0,1,7,19
u88,45,2,0,1,6,23
u89,45,8,0,1,4,19
u90,45,7,0,1,5,20
u91,45,8,1,1,8,23
u92,45,8,0,1,3,20
u93,45,1,0,1,3,18
u94,45,2,0,1,4,21
u95,45,2,0,1,2,21
u96,45,5,0,1,1,22
u97,45,4,1,1,4,21
u98,45,6,1,1,6,23
u99,45,6,1,1,5,22
u100,45,6,1,1,8,23
u1,46,6,1,1,6,23
u2,46,7,0,2,3,58
u3,46,5,1,0,5,84
u4,46,7,1,0,6,47
u5,46,4,1,1,6,16
u6,46,5,1,1,1,16
u7,46,9,1,1,9,16
u8,46,7,1,1,9,15
u9,46,7,0,1,8,15
u10,46,4,0,1,7,16
u11,46,10,0,1,4,16
u12,46,7,0,1,7,16
u13,46,2,0,1,8,16
u14,46,4,0,1,9,16
u15,46,6,1,1,2,17
u16,46,3,1,1,4,15
u17,46,5,1,1,6,15
u18,46,8,1,1,2,15
u19,46,5,1,1,10,15
u20,46,5,1,1,3,16
u21,46,4,1,1,5,16
u22,46,5,0,1,5,15
u23,46,5,0,1,6,15
u24,46,3,0,1,5,16
u25,46,8,0,1,9,11
u26,46,8,0,1,8,16
u27,46,9,0,1,10,20
u28,46,8,1,1,8,18
u29,46,9,0,1,8,20
u30,46,5,0,1,7,20
u31,46,7,0,1,7,20
u32,46,6,0,1,9,18
u33,46,1,1,1,7,18
u34,46,5,1,1,6,15
u35,46,4,0,1,4,13
u36,46,5,0,1,3,8
u37,46,7,0,1,6,10
u38,46,6,0,1,3,10
u39,46,7,0,1,8,6
u40,46,3,1,2,3,60
u41,46,8,1,2,10,53
u42,46,4,1,0,6,55
u43,46,9,1,0,5,44
u44,46,8,1,2,8,47
u45,46,5,1,2,6,48
u46,46,9,0,2,4,48
u47,46,2,1,0,6,48
u48,46,8,0,2,6,38
u49,46,9,1,0,9,35
u50,46,8,1,1,9,32
u51,46,9,1,1,10,30
u52,46,7,1,0,5,26
u53,46,10,1,1,9,24
u54,46,7,0,1,9,24
u55,46,6,0,1,6,27
u56,46,10,1,1,10,27
u57,46,3,1,1,5,24
u58,46,8,1,1,8,22
u59,46,8,0,2,4,29
u60,46,7,0,1,5,23
u61,46,7,0,1,7,21
u62,46,8,0,1,7,22
u63,46,5,0,1,8,22
u64,46,5,0,1,2,21
u65,46,6,0,1,6,22
u66,46,6,0,1,3,24
u67,46,9,0,1,6,25
u68,46,4,0,1,6,21
u69,46,6,0,1,7,29
u70,46,10,0,1,6,22
u71,46,10,0,1,10,21
u72,46,3,1,1,10,22
u73,46,6,1,1,6,23
u74,46,7,1,1,10,16
u75,46,3,1,1,7,23
u76,46,1,0,1,2,23
u77,46,8,1,1,3,19
u78,46,1,1,1,9,17
u79,46,5,1,1,9,16
u80,46,2,1,1,1,18
u81,46,3,1,1,1,18
u82,46,9,1,1,8,17
u83,46,2,0,1,5,20
u84,46,1,0,1,7,20
u85,46,8,0,1,7,18
u86,46,6,0,1,3,21
u87,46,3,0,1,8,19
u88,46,3,0,1,10,23
u89,46,7,0,1,4,19
u90,46,8,0,1,7,20
u91,46,10,1,1,4,23
u92,46,10,0,1,6,20
u93,46,2,0,1,6,18
u94,46,5,0,1,1,21
u95,46,4,0,1,3,21
u96,46,8,0,1,2,22
u97,46,6,1,1,4,21
u98,46,7,1,1,7,23
u99,46,5,1,1,7,22
u100,46,6,1,1,8,23
u1,47,7,1,1,8,23
u2,47,7,0,2,5,58
u3,47,6,1,0,6,84
u4,47,9,1,0,7,47
u5,47,5,1,1,7,16
u6,47,6,1,1,5,16
u7,47,9,1,1,8,16
u8,47,9,1,1,10,15
u9,47,8,0,1,2,15
u10,47,10,0,1,8,16
u11,47,3,0,1,4,16
u12,47,8,0,1,6,16
u13,47,3,0,1,10,16
u14,47,6,0,1,2,16
u15,47,10,1,1,3,17
u16,47,4,1,1,5,15
u17,47,7,1,1,9,15
u18,47,10,1,1,7,15
u19,47,9,1,1,8,15
u20,47,7,1,1,4,16
u21,47,10,1,1,4,16
u22,47,4,0,1,6,15
u23,47,6,0,1,7,15
u24,47,4,0,1,6,16
u25,47,7,0,1,8,11
u26,47,9,0,1,8,16
u27,47,8,0,1,9,20
u28,47,10,1,1,9,18
u29,47,10,0,1,9,20
u30,47,7,0,1,8,20
u31,47,7,0,1,9,20
u32,47,6,0,1,7,18
u33,47,2,1,1,6,18
u34,47,6,1,1,5,15
u35,47,5,0,1,5,13
u36,47,5,0,1,2,8
u37,47,6,0,1,4,10
u38,47,6,0,1,2,10
u39,47,2,0,1,5,6
u40,47,4,1,2,5,60
u41,47,9,1,2,8,53
u42,47,6,1,0,5,55
u43,47,6,1,0,7,44
u44,47,7,1,2,6,47
u45,47,7,1,2,8,48
u46,47,8,0,2,7,48
u47,47,1,1,0,1,48
u48,47,9,0,2,7,38
u49,47,8,1,0,8,35
u50,47,9,1,1,5,32
u51,47,7,1,1,9,30
u52,47,7,1,0,6,26
u53,47,10,1,1,9,24
u54,47,8,0,1,8,24
u55,47,9,0,1,6,27
u56,47,10,1,1,3,27
u57,47,5,1,1,10,24
u58,47,8,1,1,8,22
u59,47,8,0,2,5,29
u60,47,9,0,1,7,23
u61,47,8,0,1,7,21
u62,47,6,0,1,5,22
u63,47,6,0,1,2,22
u64,47,6,0,1,7,21
u65,47,4,0,1,3,22
u66,47,6,0,1,8,24
u67,47,4,0,1,7,25
u68,47,7,0,1,4,21
u69,47,6,0,1,7,29
u70,47,10,0,1,5,22
u71,47,9,0,1,6,21
u72,47,5,1,1,7,22
u73,47,8,1,1,7,23
u74,47,9,1,1,8,16
u75,47,4,1,1,4,23
u76,47,6,0,1,2,23
u77,47,3,1,1,1,19
u78,47,1,1,1,7,17
u79,47,9,1,1,6,16
u80,47,1,1,1,4,18
u81,47,6,1,1,3,18
u82,47,2,1,1,1,17
u83,47,5,0,1,2,20
u84,47,6,0,1,10,20
u85,47,1,0,1,4,18
u86,47,9,0,1,6,21
u87,47,4,0,1,7,19
u88,47,4,0,1,9,23
u89,47,6,0,1,4,19
u90,47,10,0,1,2,20
u91,47,5,1,1,3,23
u92,47,10,0,1,7,20
u93,47,6,0,1,8,18
u94,47,7,0,1,5,21
u95,47,6,0,1,3,21
u96,47,10,0,1,6,22
u97,47,5,1,1,7,21
u98,47,7,1,1,7,23
u99,47,5,1,1,8,22
u100,47,7,1,1,6,23
u1,48,10,1,1,5,23
u2,48,8,0,2,7,58
u3,48,6,1,0,5,84
u4,48,7,1,0,7,47
u5,48,6,1,1,8,16
u6,48,7,1,1,1,16
u7,48,8,1,1,9,16
u8,48,10,1,1,7,15
u9,48,9,0,1,8,15
u10,48,10,0,1,8,16
u11,48,7,0,1,7,16
u12,48,6,0,1,8,16
u13,48,5,0,1,8,16
u14,48,5,0,1,6,16
u15,48,2,1,1,5,17
u16,48,6,1,1,6,15
u17,48,10,1,1,7,15
u18,48,9,1,1,1,15
u19,48,3,1,1,6,15
u20,48,9,1,1,5,16
u21,48,3,1,1,6,16
u22,48,3,0,1,7,15
u23,48,7,0,1,8,15
u24,48,5,0,1,7,16
u25,48,10,0,1,7,11
u26,48,7,0,1,9,16
u27,48,8,0,1,8,20
u28,48,9,1,1,8,18
u29,48,10,0,1,8,20
u30,48,5,0,1,8,20
u31,48,5,0,1,9,20
u32,48,6,0,1,7,18
u33,48,6,1,1,5,18
u34,48,7,1,1,8,15
u35,48,6,0,1,5,13
u36,48,4,0,1,4,8
u37,48,8,0,1,6,10
u38,48,5,0,1,1,10
u39,48,1,0,1,2,6
u40,48,7,1,2,6,60
u41,48,7,1,2,9,53
u42,48,7,1,0,6,55
u43,48,8,1,0,9,44
u44,48,9,1,2,8,47
u45,48,7,1,2,5,48
u46,48,10,0,2,4,48
u47,48,2,1,0,3,48
u48,48,8,0,2,8,38
u49,48,7,1,0,7,35
u50,48,6,1,1,8,32
u51,48,9,1,1,10,30
u52,48,9,1,0,10,26
u53,48,10,1,1,9,24
u54,48,5,0,1,9,24
u55,48,7,0,1,5,27
u56,48,9,1,1,7,27
u57,48,1,1,1,2,24
u58,48,7,1,1,5,22
u59,48,8,0,2,7,29
u60,48,10,0,1,6,23
u61,48,7,0,1,6,21
u62,48,7,0,1,6,22
u63,48,8,0,1,4,22
u64,48,5,0,1,7,21
u65,48,5,0,1,1,22
u66,48,7,0,1,8,24
u67,48,6,0,1,5,25
u68,48,3,0,1,7,21
u69,48,7,0,1,8,29
u70,48,10,0,1,9,22
u71,48,9,0,1,7,21
u72,48,6,1,1,6,22
u73,48,9,1,1,8,23
u74,48,10,1,1,10,16
u75,48,5,1,1,1,23
u76,48,10,0,1,6,23
u77,48,1,1,1,5,19
u78,48,6,1,1,4,17
u79,48,2,1,1,1,16
u80,48,5,1,1,2,18
u81,48,4,1,1,5,18
u82,48,6,1,1,6,17
u83,48,8,0,1,6,20
u84,48,9,0,1,6,20
u85,48,10,0,1,2,18
u86,48,10,0,1,10,21
u87,48,2,0,1,8,19
u88,48,5,0,1,4,23
u89,48,5,0,1,3,19
u90,48,9,0,1,6,20
u91,48,3,1,1,5,23
u92,48,10,0,1,7,20
u93,48,5,0,1,6,18
u94,48,4,0,1,3,21
u95,48,7,0,1,3,21
u96,48,4,0,1,9,22
u97,48,8,1,1,2,21
u98,48,6,1,1,7,23
u99,48,5,1,1,7,22
u100,48,7,1,1,7,23
u1,49,4,1,1,7,23
u2,49,7,0,2,6,58
u3,49,7,1,0,6,84
u4,49,8,1,0,7,47
u5,49,7,1,1,9,16
u6,49,8,1,1,2,16
u7,49,9,1,1,8,16
u8,49,10,1,1,8,15
u9,49,10,0,1,1,15
u10,49,10,0,1,8,16
u11,49,3,0,1,6,16
u12,49,2,0,1,7,16
u13,49,4,0,1,10,16
u14,49,2,0,1,5,16
u15,49,8,1,1,9,17
u16,49,8,1,1,7,15
u17,49,8,1,1,2,15
u18,49,2,1,1,10,15
u19,49,6,1,1,4,15
u20,49,10,1,1,6,16
u21,49,10,1,1,6,16
u22,49,2,0,1,8,15
u23,49,8,0,1,9,15
u24,49,6,0,1,8,16
u25,49,4,0,1,9,11
u26,49,8,0,1,7,16
u27,49,9,0,1,9,20
u28,49,8,1,1,8,18
u29,49,10,0,1,8,20
u30,49,5,0,1,6,20
u31,49,5,0,1,8,20
u32,49,6,0,1,5,18
u33,49,4,1,1,4,18
u34,49,7,1,1,7,15
u35,49,6,0,1,5,13
u36,49,4,0,1,6,8
u37,49,5,0,1,4,10
u38,49,7,0,1,3,10
u39,49,4,0,1,4,6
u40,49,2,1,2,8,60
u41,49,8,1,2,10,53
u42,49,6,1,0,4,55
u43,49,5,1,0,4,44
u44,49,7,1,2,8,47
u45,49,6,1,2,7,48
u46,49,7,0,2,5,48
u47,49,5,1,0,2,48
u48,49,8,0,2,7,38
u49,49,7,1,0,8,35
u50,49,5,1,1,5,32
u51,49,10,1,1,10,30
u52,49,9,1,0,8,26
u53,49,8,1,1,8,24
u54,49,9,0,1,8,24
u55,49,8,0,1,5,27
u56,49,10,1,1,9,27
u57,49,2,1,1,1,24
u58,49,7,1,1,2,22
u59,49,8,0,2,4,29
u60,49,9,0,1,6,23
u61,49,7,0,1,6,21
u62,49,7,0,1,6,22
u63,49,8,0,1,10,22
u64,49,6,0,1,8,21
u65,49,5,0,1,1,22
u66,49,7,0,1,8,24
u67,49,8,0,1,8,25
u68,49,2,0,1,7,21
u69,49,8,0,1,9,29
u70,49,9,0,1,10,22
u71,49,8,0,1,8,21
u72,49,5,1,1,6,22
u73,49,7,1,1,8,23
u74,49,9,1,1,9,16
u75,49,6,1,1,6,23
u76,49,8,0,1,6,23
u77,49,1,1,1,7,19
u78,49,9,1,1,10,17
u79,49,4,1,1,3,16
u80,49,3,1,1,4,18
u81,49,4,1,1,3,18
u82,49,4,1,1,9,17
u83,49,7,0,1,5,20
u84,49,6,0,1,2,20
u85,49,4,0,1,8,18
u86,49,7,0,1,8,21
u87,49,3,0,1,6,19
u88,49,6,0,1,8,23
u89,49,4,0,1,4,19
u90,49,10,0,1,4,20
u91,49,1,1,1,2,23
u92,49,9,0,1,7,20
u93,49,6,0,1,4,18
u94,49,7,0,1,5,21
u95,49,7,0,1,4,21
u96,49,1,0,1,10,22
u97,49,4,1,1,5,21
u98,49,7,1,1,7,23
u99,49,5,1,1,6,22
u100,49,5,1,1,7,23
u1,50,8,1,1,9,23
u2,50,5,0,2,5,58
u3,50,4,1,0,5,84
u4,50,6,1,0,5,47
u5,50,8,1,1,10,16
u6,50,9,1,1,4,16
u7,50,8,1,1,9,16
u8,50,7,1,1,5,15
u9,50,1,0,1,9,15
u10,50,5,0,1,8,16
u11,50,5,0,1,8,16
u12,50,4,0,1,4,16
u13,50,6,0,1,8,16
u14,50,3,0,1,3,16
u15,50,3,1,1,7,17
u16,50,5,1,1,8,15
u17,50,1,1,1,1,15
u18,50,1,1,1,9,15
u19,50,7,1,1,2,15
u20,50,2,1,1,7,16
u21,50,1,1,1,3,16
u22,50,1,0,1,9,15
u23,50,9,0,1,10,15
u24,50,7,0,1,9,16
u25,50,8,0,1,8,11
u26,50,8,0,1,9,16
u27,50,9,0,1,8,20
u28,50,9,1,1,9,18
u29,50,10,0,1,10,20
u30,50,6,0,1,6,20
u31,50,6,0,1,9,20
u32,50,6,0,1,3,18
u33,50,7,1,1,4,18
u34,50,9,1,1,8,15
u35,50,5,0,1,5,13
u36,50,3,0,1,4,8
u37,50,5,0,1,6,10
u38,50,8,0,1,4,10
u39,50,1,0,1,3,6
u40,50,5,1,2,3,60
u41,50,10,1,2,8,53
u42,50,4,1,0,4,55
u43,50,6,1,0,6,44
u44,50,7,1,2,7,47
u45,50,6,1,2,5,48
u46,50,9,0,2,7,48
u47,50,3,1,0,4,48
u48,50,6,0,2,8,38
u49,50,5,1,0,7,35
u50,50,7,1,1,5,32
u51,50,10,1,1,10,30
u52,50,8,1,0,9,26
u53,50,7,1,1,6,24
u54,50,8,0,1,8,24
u55,50,10,0,1,6,27
u56,50,10,1,1,8,27
u57,50,3,1,1,5,24
u58,50,7,1,1,5,22
u59,50,7,0,2,6,29
u60,50,8,0,1,7,23
u61,50,7,0,1,6,21
u62,50,6,0,1,7,22
u63,50,8,0,1,10,22
u64,50,6,0,1,8,21
u65,50,6,0,1,1,22
u66,50,7,0,1,8,24
u67,50,7,0,1,10,25
u68,50,5,0,1,3,21
u69,50,9,0,1,9,29
u70,50,9,0,1,7,22
u71,50,9,0,1,8,21
u72,50,5,1,1,6,22
u73,50,8,1,1,7,23
u74,50,6,1,1,5,16
u75,50,9,1,1,8,23
u76,50,3,0,1,10,23
u77,50,9,1,1,1,19
u78,50,3,1,1,6,17
u79,50,5,1,1,7,16
u80,50,7,1,1,3,18
u81,50,2,1,1,5,18
u82,50,1,1,1,3,17
u83,50,4,0,1,8,20
u84,50,2,0,1,4,20
u85,50,3,0,1,10,18
u86,50,5,0,1,6,21
u87,50,1,0,1,5,19
u88,50,7,0,1,9,23
u89,50,3,0,1,3,19
u90,50,3,0,1,6,20
u91,50,2,1,1,4,23
u92,50,6,0,1,8,20
u93,50,9,0,1,6,18
u94,50,9,0,1,6,21
u95,50,6,0,1,5,21
u96,50,3,0,1,5,22
u97,50,7,1,1,8,21
u98,50,8,1,1,7,23
u99,50,4,1,1,5,22
u100,50,5,1,1,8,23